Country,Date,Total_Cases,Total_Deaths,New_Cases,Rolling_Avg,is_outbreak,Lag_1,Lag_2,Lag_3,Rolling_Max,Rolling_Std,Rate_of_Change,Month,Week_of_Year,Season,Country_Code
Guinea,2014-08-29,648.0,430.0,648.0,648.0,0,,,,648.0,0.0,0.0,8,35,2,0
Guinea,2014-09-05,812.0,517.0,164.0,406.0,0,648.0,,,648.0,342.239682094289,-0.7469135802469136,9,36,3,0
Guinea,2014-09-08,862.0,555.0,50.0,287.3333333333333,0,164.0,648.0,,648.0,317.5048556059156,-0.6951219512195121,9,37,3,0
Guinea,2014-09-12,861.0,557.0,0.0,215.5,0,50.0,164.0,648.0,648.0,296.38882120170007,-1.0,9,37,3,0
Guinea,2014-09-16,936.0,595.0,75.0,72.25,0,0.0,50.0,164.0,164.0,68.65554116991098,10.0,9,38,3,0
Guinea,2014-09-18,942.0,601.0,6.0,32.75,0,75.0,0.0,50.0,75.0,35.92005011132372,-0.92,9,38,3,0
Guinea,2014-09-22,1008.0,632.0,66.0,36.75,0,6.0,75.0,0.0,75.0,39.220530338076856,10.0,9,39,3,0
Guinea,2014-09-24,1022.0,635.0,14.0,40.25,0,66.0,6.0,75.0,75.0,35.27392804891464,-0.7878787878787878,9,39,3,0
Guinea,2014-09-26,1074.0,648.0,52.0,34.5,0,14.0,66.0,6.0,66.0,29.0459406228594,2.7142857142857144,9,39,3,0
Guinea,2014-10-01,1157.0,710.0,83.0,53.75,0,52.0,14.0,66.0,83.0,29.375443259067154,0.5961538461538463,10,40,3,0
Guinea,2014-10-03,1199.0,739.0,42.0,47.75,0,83.0,52.0,14.0,83.0,28.476598579652624,-0.49397590361445787,10,40,3,0
Guinea,2014-10-08,1298.0,768.0,99.0,69.0,0,42.0,83.0,52.0,99.0,26.545558322752864,1.3571428571428572,10,41,3,0
Guinea,2014-10-10,1350.0,778.0,52.0,69.0,0,99.0,42.0,83.0,99.0,26.545558322752864,-0.4747474747474747,10,41,3,0
Guinea,2014-10-15,1472.0,843.0,122.0,78.75,0,52.0,99.0,42.0,122.0,38.06463800782393,1.3461538461538463,10,42,3,0
Guinea,2014-10-17,1519.0,862.0,47.0,80.0,0,122.0,52.0,99.0,122.0,36.5057073163454,-0.6147540983606558,10,42,3,0
Guinea,2014-10-22,1540.0,904.0,21.0,60.5,0,47.0,122.0,52.0,122.0,43.19336368780132,-0.5531914893617021,10,43,3,0
Guinea,2014-10-25,1553.0,926.0,13.0,50.75,0,21.0,47.0,122.0,122.0,49.668064857276995,-0.38095238095238093,10,43,3,0
Guinea,2014-10-29,1906.0,997.0,353.0,108.5,1,13.0,21.0,47.0,353.0,163.64494085264803,10.0,10,44,3,0
Guinea,2014-10-31,1667.0,1018.0,0.0,96.75,0,353.0,13.0,21.0,353.0,171.05237989185264,-1.0,10,44,3,0
Guinea,2014-11-05,1731.0,1041.0,64.0,107.5,0,0.0,353.0,13.0,353.0,165.9809225985525,10.0,11,45,3,0
Guinea,2014-11-07,1760.0,1054.0,29.0,111.5,0,64.0,0.0,353.0,353.0,163.1124356591694,-0.546875,11,45,3,0
Guinea,2014-11-12,1878.0,1142.0,118.0,52.75,1,29.0,64.0,0.0,118.0,50.76333979031203,3.068965517241379,11,46,3,0
Guinea,2014-11-14,1919.0,1166.0,41.0,63.0,0,118.0,29.0,64.0,118.0,39.43771460586101,-0.652542372881356,11,46,3,0
Guinea,2014-11-19,1971.0,1192.0,52.0,60.0,0,41.0,118.0,29.0,118.0,39.79112128771119,0.2682926829268293,11,47,3,0
Guinea,2014-11-21,2047.0,1214.0,76.0,71.75,0,52.0,41.0,118.0,118.0,34.12110783664578,0.46153846153846145,11,47,3,0
Guinea,2014-11-26,2134.0,1260.0,87.0,64.0,0,76.0,52.0,41.0,87.0,21.181753153756574,0.14473684210526305,11,48,3,0
Guinea,2014-12-01,2155.0,1312.0,21.0,59.0,0,87.0,76.0,52.0,87.0,29.246082358725303,-0.7586206896551724,12,49,0,0
Guinea,2014-12-03,2164.0,1327.0,9.0,48.25,0,21.0,87.0,76.0,87.0,38.964727639238156,-0.5714285714285714,12,49,0,0
Guinea,2014-12-10,2292.0,1428.0,128.0,61.25,1,9.0,21.0,87.0,128.0,56.18051263561066,10.0,12,50,0,0
Guinea,2014-12-15,2394.0,1518.0,102.0,65.0,0,128.0,9.0,21.0,128.0,58.906705900092646,-0.203125,12,51,0,0
Guinea,2014-12-17,2416.0,1525.0,22.0,65.25,0,102.0,128.0,9.0,128.0,58.65932719241397,-0.7843137254901961,12,51,0,0
Guinea,2014-12-22,2571.0,1586.0,155.0,101.75,0,22.0,102.0,128.0,155.0,57.40136467599596,6.045454545454546,12,52,0,0
Guinea,2014-12-23,2597.0,1607.0,26.0,76.25,0,155.0,22.0,102.0,155.0,64.11643055151056,-0.832258064516129,12,52,0,0
Guinea,2014-12-24,2597.0,1607.0,0.0,50.75,0,26.0,155.0,22.0,155.0,70.43377504199727,-1.0,12,52,0,0
Guinea,2014-12-26,2630.0,1654.0,33.0,53.5,0,0.0,26.0,155.0,155.0,69.13995468130814,10.0,12,52,0,0
Guinea,2014-12-29,2695.0,1697.0,65.0,31.0,1,33.0,0.0,26.0,65.0,26.745716167890194,0.9696969696969697,12,1,0,0
Guinea,2014-12-30,2706.0,1708.0,11.0,27.25,0,65.0,33.0,0.0,65.0,28.66327499315706,-0.8307692307692307,12,1,0,0
Guinea,2014-12-31,2707.0,1709.0,1.0,27.5,0,11.0,65.0,33.0,65.0,28.349015268024324,-0.9090909090909091,12,1,0,0
Guinea,2015-01-02,2730.0,1739.0,23.0,25.0,0,1.0,11.0,65.0,65.0,28.142494558940747,10.0,1,1,0,0
Guinea,2015-01-05,2769.0,1767.0,39.0,18.5,1,23.0,1.0,11.0,39.0,16.36052158907766,0.6956521739130435,1,2,0,0
Guinea,2015-01-06,2775.0,1781.0,6.0,17.25,0,39.0,23.0,1.0,39.0,17.289206652321447,-0.8461538461538461,1,2,0,0
Guinea,2015-01-07,2775.0,1781.0,0.0,17.0,0,6.0,39.0,23.0,39.0,17.60681686165928,-1.0,1,2,0,0
Guinea,2015-01-08,2776.0,1786.0,1.0,11.5,0,0.0,6.0,39.0,39.0,18.52025917745239,10.0,1,2,0,0
Guinea,2015-01-09,2793.0,1797.0,17.0,6.0,0,1.0,0.0,6.0,17.0,7.7888809636992296,10.0,1,2,0,0
Guinea,2015-01-12,2799.0,1807.0,6.0,6.0,0,17.0,1.0,0.0,17.0,7.7888809636992296,-0.6470588235294117,1,3,0,0
Guinea,2015-01-13,2799.0,1807.0,0.0,6.0,0,6.0,17.0,1.0,17.0,7.7888809636992296,-1.0,1,3,0,0
Guinea,2015-01-14,2806.0,1814.0,7.0,7.5,0,0.0,6.0,17.0,17.0,7.04745817062267,10.0,1,3,0,0
Guinea,2015-01-15,2817.0,1821.0,11.0,6.0,0,7.0,0.0,6.0,11.0,4.546060565663004,0.5714285714285714,1,3,0,0
Guinea,2015-01-16,2825.0,1829.0,8.0,6.5,0,11.0,7.0,0.0,11.0,4.6547466812573415,-0.2727272727272727,1,3,0,0
Guinea,2015-01-19,2873.0,1875.0,48.0,18.5,1,8.0,11.0,7.0,48.0,19.73997635932415,5.0,1,4,0,0
Guinea,2015-01-20,2871.0,1876.0,0.0,16.75,0,48.0,8.0,11.0,48.0,21.34439817219832,-1.0,1,4,0,0
Guinea,2015-01-21,2871.0,1876.0,0.0,14.0,0,0.0,48.0,8.0,48.0,22.978250586152324,0.0,1,4,0,0
Guinea,2015-01-22,2873.0,1879.0,2.0,12.5,0,0.0,0.0,48.0,48.0,23.685438564654227,10.0,1,4,0,0
Guinea,2015-01-23,2873.0,1880.0,0.0,0.5,0,2.0,0.0,0.0,2.0,1.0000000000048253,-1.0,1,4,0,0
Guinea,2015-01-26,2909.0,1906.0,36.0,9.5,1,0.0,2.0,0.0,36.0,17.691806012954405,10.0,1,5,0,0
Guinea,2015-01-27,2917.0,1910.0,8.0,11.5,0,36.0,0.0,2.0,36.0,16.68332500832322,-0.7777777777777778,1,5,0,0
Guinea,2015-01-28,2917.0,1910.0,0.0,11.0,0,8.0,36.0,0.0,36.0,17.088007490635345,-1.0,1,5,0,0
Guinea,2015-01-29,2921.0,1911.0,4.0,12.0,0,0.0,8.0,36.0,36.0,16.329931618554816,10.0,1,5,0,0
Guinea,2015-01-30,2920.0,1913.0,0.0,3.0,0,4.0,0.0,8.0,8.0,3.829708431026614,-1.0,1,5,0,0
Guinea,2015-02-02,2959.0,1937.0,39.0,10.75,1,0.0,4.0,0.0,39.0,18.927493230747952,10.0,2,6,0,0
Guinea,2015-02-03,2975.0,1944.0,16.0,14.75,0,39.0,0.0,4.0,39.0,17.538053863908132,-0.5897435897435898,2,6,0,0
Guinea,2015-02-04,2975.0,1944.0,0.0,13.75,0,16.0,39.0,0.0,39.0,18.44586674569698,-1.0,2,6,0,0
Guinea,2015-02-05,2986.0,1947.0,11.0,16.5,0,0.0,16.0,39.0,39.0,16.42153058233843,10.0,2,6,0,0
Guinea,2015-02-06,2988.0,1957.0,2.0,7.25,0,11.0,0.0,16.0,16.0,7.544313531838157,-0.8181818181818181,2,6,0,0
Guinea,2015-02-10,3044.0,1995.0,56.0,17.25,1,2.0,11.0,0.0,56.0,26.272609310839485,10.0,2,7,0,0
Guinea,2015-02-11,3044.0,1995.0,0.0,17.25,0,56.0,2.0,11.0,56.0,26.272609310839485,-1.0,2,7,0,0
Guinea,2015-02-12,3068.0,2018.0,24.0,20.5,0,0.0,56.0,2.0,56.0,26.044833140823595,10.0,2,7,0,0
Guinea,2015-02-13,3081.0,2032.0,13.0,23.25,0,24.0,0.0,56.0,56.0,23.935677693908655,-0.45833333333333337,2,7,0,0
Guinea,2015-02-16,3101.0,2052.0,20.0,14.25,0,13.0,24.0,0.0,24.0,10.531698185320177,0.5384615384615385,2,8,0,0
Guinea,2015-02-17,3108.0,2057.0,7.0,16.0,0,20.0,13.0,24.0,24.0,7.527726527091451,-0.65,2,8,0,0
Guinea,2015-02-18,3108.0,2057.0,0.0,10.0,0,7.0,20.0,13.0,20.0,8.524474568363514,-1.0,2,8,0,0
Guinea,2015-02-19,3115.0,2067.0,7.0,8.5,0,0.0,7.0,20.0,20.0,8.346656017033187,10.0,2,8,0,0
Guinea,2015-02-20,3120.0,2072.0,5.0,4.75,0,7.0,0.0,7.0,7.0,3.3040379336012937,-0.2857142857142857,2,8,0,0
Guinea,2015-02-23,3155.0,2086.0,35.0,11.75,1,5.0,7.0,0.0,35.0,15.77709309938546,6.0,2,9,0,0
Guinea,2015-02-25,3155.0,2091.0,0.0,11.75,0,35.0,5.0,7.0,35.0,15.77709309938546,-1.0,2,9,0,0
Guinea,2015-02-26,3175.0,2101.0,20.0,15.0,0,0.0,35.0,5.0,35.0,15.811388300842202,10.0,2,9,0,0
Guinea,2015-02-27,3190.0,2113.0,15.0,17.5,0,20.0,0.0,35.0,35.0,14.43375672974098,-0.25,2,9,0,0
Guinea,2015-03-02,3205.0,2127.0,15.0,12.5,0,15.0,20.0,0.0,20.0,8.660254037844945,0.0,3,10,1,0
Guinea,2015-03-04,3205.0,2127.0,0.0,12.5,0,15.0,15.0,20.0,20.0,8.660254037844945,-1.0,3,10,1,0
Guinea,2015-03-05,3237.0,2141.0,32.0,15.5,1,0.0,15.0,15.0,32.0,13.07669683062239,10.0,3,10,1,0
Guinea,2015-03-06,3248.0,2147.0,11.0,14.5,0,32.0,0.0,15.0,32.0,13.279056191361757,-0.65625,3,10,1,0
Guinea,2015-03-10,3285.0,2170.0,37.0,20.0,0,11.0,32.0,0.0,37.0,17.454703282115005,2.3636363636363638,3,11,1,0
Guinea,2015-03-11,3285.0,2170.0,0.0,20.0,0,37.0,11.0,32.0,37.0,17.454703282115005,-1.0,3,11,1,0
Guinea,2015-03-12,3330.0,2187.0,45.0,23.25,0,0.0,37.0,11.0,45.0,21.2347984842493,10.0,3,11,1,0
Guinea,2015-03-13,3331.0,2192.0,1.0,20.75,0,45.0,0.0,37.0,45.0,23.613202521753436,-0.9777777777777777,3,11,1,0
Guinea,2015-03-16,3373.0,2216.0,42.0,22.0,0,1.0,45.0,0.0,45.0,24.8596057893123,10.0,3,12,1,0
Guinea,2015-03-17,3389.0,2224.0,16.0,26.0,0,42.0,1.0,45.0,45.0,21.150256105620638,-0.6190476190476191,3,12,1,0
Guinea,2015-03-18,3389.0,2224.0,0.0,14.75,0,16.0,42.0,1.0,42.0,19.585283590832763,-1.0,3,12,1,0
Guinea,2015-03-20,3404.0,2241.0,15.0,18.25,0,0.0,16.0,42.0,42.0,17.442763542512687,10.0,3,12,1,0
Guinea,2015-03-23,3420.0,2261.0,16.0,11.75,0,15.0,0.0,16.0,16.0,7.847504911329655,0.06666666666666665,3,13,1,0
Guinea,2015-03-24,3429.0,2263.0,9.0,10.0,0,16.0,15.0,0.0,16.0,7.348469228350196,-0.4375,3,13,1,0
Guinea,2015-03-25,3429.0,2263.0,0.0,10.0,0,9.0,16.0,15.0,16.0,7.348469228350196,-1.0,3,13,1,0
Guinea,2015-03-26,3459.0,2273.0,30.0,13.75,1,0.0,9.0,16.0,30.0,12.658988901172547,10.0,3,13,1,0
Guinea,2015-03-27,3466.0,2276.0,7.0,11.5,0,30.0,0.0,9.0,30.0,12.922847983320462,-0.7666666666666666,3,13,1,0
Guinea,2015-04-07,3515.0,2333.0,49.0,21.5,1,7.0,30.0,0.0,49.0,22.36813209307704,6.0,4,15,1,0
Guinea,2015-04-09,3515.0,2335.0,0.0,21.5,0,49.0,7.0,30.0,49.0,22.36813209307704,-1.0,4,15,1,0
Guinea,2015-04-13,3541.0,2342.0,26.0,20.5,0,0.0,49.0,7.0,49.0,21.946905628508915,10.0,4,16,1,0
Guinea,2015-04-14,3548.0,2346.0,7.0,20.5,0,26.0,0.0,49.0,49.0,21.946905628508915,-0.7307692307692308,4,16,1,0
Guinea,2015-04-15,3548.0,2346.0,0.0,8.25,0,7.0,26.0,0.0,26.0,12.284814474247316,-1.0,4,16,1,0
Guinea,2015-04-16,3566.0,2348.0,18.0,12.75,0,0.0,7.0,26.0,26.0,11.52894907034793,10.0,4,16,1,0
Guinea,2015-04-17,3569.0,2351.0,3.0,7.0,0,18.0,0.0,7.0,18.0,7.874007874012427,-0.8333333333333334,4,16,1,0
Guinea,2015-04-20,3565.0,2357.0,0.0,5.25,0,3.0,18.0,0.0,18.0,8.616843969807604,-1.0,4,17,1,0
Guinea,2015-04-21,3565.0,2358.0,0.0,5.25,0,0.0,3.0,18.0,18.0,8.616843969807604,0.0,4,17,1,0
Guinea,2015-04-22,3565.0,2358.0,0.0,0.75,0,0.0,0.0,3.0,3.0,1.5000000000032272,0.0,4,17,1,0
Guinea,2015-04-23,3568.0,2362.0,3.0,0.75,0,0.0,0.0,0.0,3.0,1.5000000000032272,10.0,4,17,1,0
Guinea,2015-04-24,3576.0,2365.0,8.0,2.75,0,3.0,0.0,0.0,8.0,3.774917217636658,1.6666666666666665,4,17,1,0
Guinea,2015-04-27,3585.0,2374.0,9.0,5.0,0,8.0,3.0,0.0,9.0,4.242640687120427,0.125,4,18,1,0
Guinea,2015-04-28,3584.0,2377.0,0.0,5.0,0,9.0,8.0,3.0,9.0,4.242640687120427,-1.0,4,18,1,0
Guinea,2015-04-30,3581.0,2381.0,0.0,4.25,0,0.0,9.0,8.0,9.0,4.924428900899036,0.0,4,18,1,0
Guinea,2015-05-01,3578.0,2383.0,0.0,2.25,0,0.0,0.0,9.0,9.0,4.5000000000010765,0.0,5,18,1,0
Guinea,2015-05-04,3591.0,2385.0,13.0,3.25,0,0.0,0.0,0.0,13.0,6.500000000000745,10.0,5,19,1,0
Guinea,2015-05-05,3589.0,2386.0,0.0,3.25,0,13.0,0.0,0.0,13.0,6.500000000000745,-1.0,5,19,1,0
Guinea,2015-05-06,3589.0,2386.0,0.0,3.25,0,0.0,13.0,0.0,13.0,6.500000000000745,0.0,5,19,1,0
Guinea,2015-05-07,3592.0,2387.0,3.0,4.0,0,0.0,0.0,13.0,13.0,6.164414002969762,10.0,5,19,1,0
Guinea,2015-05-08,3592.0,2387.0,0.0,0.75,0,3.0,0.0,0.0,3.0,1.5000000000032272,-1.0,5,19,1,0
Guinea,2015-05-11,3599.0,2391.0,7.0,2.5,0,0.0,3.0,0.0,7.0,3.31662479035686,10.0,5,20,1,0
Guinea,2015-05-12,3597.0,2392.0,0.0,2.5,0,7.0,0.0,3.0,7.0,3.31662479035686,-1.0,5,20,1,0
Guinea,2015-05-13,3599.0,2391.0,2.0,2.25,0,0.0,7.0,0.0,7.0,3.304037933601301,10.0,5,20,1,0
Guinea,2015-05-14,3615.0,2399.0,16.0,6.25,0,2.0,0.0,7.0,16.0,7.135591542869894,7.0,5,20,1,0
Guinea,2015-05-15,3619.0,2401.0,4.0,5.5,0,16.0,2.0,0.0,16.0,7.187952884283282,-0.75,5,20,1,0
Guinea,2015-05-18,3626.0,2405.0,7.0,7.25,0,4.0,16.0,2.0,16.0,6.184658438427275,0.75,5,21,1,0
Guinea,2015-05-19,3635.0,2407.0,9.0,9.0,0,7.0,4.0,16.0,16.0,5.099019513593737,0.2857142857142858,5,21,1,0
Guinea,2015-05-20,3635.0,2407.0,0.0,5.0,0,9.0,7.0,4.0,9.0,3.9157800414914794,-1.0,5,21,1,0
Guinea,2015-05-21,3649.0,2409.0,14.0,7.5,0,0.0,9.0,7.0,14.0,5.802298395177238,10.0,5,21,1,0
Guinea,2015-05-22,3647.0,2412.0,0.0,5.75,0,14.0,0.0,9.0,14.0,6.946221994725599,-1.0,5,21,1,0
Guinea,2015-05-25,3640.0,2418.0,0.0,3.5,0,0.0,14.0,0.0,14.0,7.000000000000691,0.0,5,22,1,0
Guinea,2015-05-26,3641.0,2420.0,1.0,3.75,0,0.0,0.0,14.0,14.0,6.849574196012212,10.0,5,22,1,0
Guinea,2015-05-27,3641.0,2420.0,0.0,0.25,0,1.0,0.0,0.0,1.0,0.5000000000096503,-1.0,5,22,1,0
Guinea,2015-05-28,3639.0,2423.0,0.0,0.25,0,0.0,1.0,0.0,1.0,0.5000000000096503,0.0,5,22,1,0
Guinea,2015-05-29,3644.0,2425.0,5.0,1.5,0,0.0,0.0,1.0,5.0,2.3804761428496453,10.0,5,22,1,0
Guinea,2015-06-01,3653.0,2428.0,9.0,3.5,0,5.0,0.0,0.0,9.0,4.358898943541782,0.8,6,23,2,0
Guinea,2015-06-02,3652.0,2429.0,0.0,3.5,0,9.0,5.0,0.0,9.0,4.358898943541782,-1.0,6,23,2,0
Guinea,2015-06-03,3652.0,2429.0,0.0,3.5,0,0.0,9.0,5.0,9.0,4.358898943541782,0.0,6,23,2,0
Guinea,2015-06-04,3657.0,2431.0,5.0,3.5,0,0.0,0.0,9.0,9.0,4.358898943541782,10.0,6,23,2,0
Guinea,2015-06-05,3664.0,2431.0,7.0,3.0,0,5.0,0.0,0.0,7.0,3.5590260840117947,0.3999999999999999,6,23,2,0
Guinea,2015-06-08,3669.0,2435.0,5.0,4.25,0,7.0,5.0,0.0,7.0,2.9860788111964385,-0.2857142857142857,6,24,2,0
Guinea,2015-06-09,3670.0,2437.0,1.0,4.5,0,5.0,7.0,5.0,7.0,2.5166114784255047,-0.8,6,24,2,0
Guinea,2015-06-10,3670.0,2437.0,0.0,3.25,0,1.0,5.0,7.0,7.0,3.3040379336012977,-1.0,6,24,2,0
Guinea,2015-06-11,3674.0,2440.0,4.0,2.5,0,0.0,1.0,5.0,5.0,2.380476142849646,10.0,6,24,2,0
Guinea,2015-06-12,3677.0,2440.0,3.0,2.0,0,4.0,0.0,1.0,4.0,1.8257418583531992,-0.25,6,24,2,0
Guinea,2015-06-15,3677.0,2443.0,0.0,1.75,0,3.0,4.0,0.0,4.0,2.061552812811173,-1.0,6,25,2,0
Guinea,2015-06-16,3678.0,2444.0,1.0,2.0,0,0.0,3.0,4.0,4.0,1.8257418583531992,10.0,6,25,2,0
Guinea,2015-06-17,3674.0,2444.0,0.0,1.0,0,1.0,0.0,3.0,3.0,1.4142135623765086,-1.0,6,25,2,0
Guinea,2015-06-18,3675.0,2445.0,1.0,0.5,0,0.0,1.0,0.0,1.0,0.5773502691979854,10.0,6,25,2,0
Guinea,2015-06-19,3674.0,2446.0,0.0,0.5,0,1.0,0.0,1.0,1.0,0.5773502691979854,-1.0,6,25,2,0
Guinea,2015-06-22,3698.0,2456.0,24.0,6.25,1,0.0,1.0,0.0,24.0,11.842719282327419,10.0,6,26,2,0
Guinea,2015-06-23,3718.0,2473.0,20.0,11.25,0,24.0,0.0,1.0,24.0,12.526638282742754,-0.16666666666666663,6,26,2,0
Guinea,2015-06-24,3718.0,2473.0,0.0,11.0,0,20.0,24.0,0.0,24.0,12.806248474866075,-1.0,6,26,2,0
Guinea,2015-06-25,3718.0,2480.0,0.0,11.0,0,0.0,20.0,24.0,24.0,12.806248474866075,0.0,6,26,2,0
Guinea,2015-06-26,3720.0,2480.0,2.0,5.5,0,0.0,0.0,20.0,20.0,9.712534856222806,10.0,6,26,2,0
Guinea,2015-06-29,3724.0,2482.0,4.0,1.5,0,2.0,0.0,0.0,4.0,1.9148542155151873,1.0,6,27,2,0
Guinea,2015-06-30,3729.0,2482.0,5.0,2.75,0,4.0,2.0,0.0,5.0,2.217355782610515,0.25,6,27,2,0
Guinea,2015-07-01,3729.0,2482.0,0.0,2.75,0,5.0,4.0,2.0,5.0,2.217355782610515,-1.0,7,27,2,0
Guinea,2015-07-02,3745.0,2490.0,16.0,6.25,0,0.0,5.0,4.0,16.0,6.849574196012209,10.0,7,27,2,0
Guinea,2015-07-03,3750.0,2492.0,5.0,6.5,0,16.0,0.0,5.0,16.0,6.757711644238477,-0.6875,7,27,2,0
Guinea,2015-07-06,3744.0,2498.0,0.0,5.25,0,5.0,16.0,0.0,16.0,7.544313531838155,-1.0,7,28,2,0
Guinea,2015-07-07,3748.0,2499.0,4.0,6.25,0,0.0,5.0,16.0,16.0,6.849574196012209,10.0,7,28,2,0
Guinea,2015-07-08,3748.0,2499.0,0.0,2.25,0,4.0,0.0,5.0,5.0,2.629955639678412,-1.0,7,28,2,0
Guinea,2015-07-09,3744.0,2505.0,0.0,1.0,0,0.0,4.0,0.0,4.0,2.0000000000024025,0.0,7,28,2,0
Guinea,2015-07-10,3751.0,2505.0,7.0,2.75,0,0.0,0.0,4.0,7.0,3.4034296427784363,10.0,7,28,2,0
Guinea,2015-07-13,3754.0,2506.0,3.0,2.5,0,7.0,0.0,0.0,7.0,3.3166247903568498,-0.5714285714285714,7,29,2,0
Guinea,2015-07-14,3760.0,2506.0,6.0,4.0,0,3.0,7.0,0.0,7.0,3.1622776601699014,1.0,7,29,2,0
Guinea,2015-07-15,3760.0,2506.0,0.0,4.0,0,6.0,3.0,7.0,7.0,3.1622776601699014,-1.0,7,29,2,0
Guinea,2015-07-16,3762.0,2506.0,2.0,2.75,0,0.0,6.0,3.0,6.0,2.500000000001924,10.0,7,29,2,0
Guinea,2015-07-17,3770.0,2509.0,8.0,4.0,0,2.0,0.0,6.0,8.0,3.651483716702425,3.0,7,29,2,0
Guinea,2015-07-20,3784.0,2511.0,14.0,6.0,0,8.0,2.0,0.0,14.0,6.32455532033752,0.75,7,30,2,0
Guinea,2015-07-21,3783.0,2512.0,0.0,6.0,0,14.0,8.0,2.0,14.0,6.32455532033752,-1.0,7,30,2,0
Guinea,2015-07-22,3783.0,2512.0,0.0,5.5,0,0.0,14.0,8.0,14.0,6.806859285554753,0.0,7,30,2,0
Guinea,2015-07-23,3788.0,2516.0,5.0,4.75,0,0.0,0.0,14.0,14.0,6.601767440113516,10.0,7,30,2,0
Guinea,2015-07-24,3787.0,2517.0,0.0,1.25,0,5.0,0.0,0.0,5.0,2.5000000000019242,-1.0,7,30,2,0
Guinea,2015-07-27,3792.0,2519.0,5.0,2.5,0,0.0,5.0,0.0,5.0,2.8867513459497958,10.0,7,31,2,0
Guinea,2015-07-28,3786.0,2520.0,0.0,2.5,0,5.0,0.0,5.0,5.0,2.8867513459497958,-1.0,7,31,2,0
Guinea,2015-07-29,3786.0,2520.0,0.0,1.25,0,0.0,5.0,0.0,5.0,2.5000000000019242,0.0,7,31,2,0
Guinea,2015-07-30,3785.0,2521.0,0.0,1.25,0,0.0,0.0,5.0,5.0,2.5000000000019242,0.0,7,31,2,0
Guinea,2015-07-31,3781.0,2521.0,0.0,0.0,0,0.0,0.0,0.0,0.0,0.0,0.0,7,31,2,0
Guinea,2015-08-03,3786.0,2522.0,5.0,1.25,0,0.0,0.0,0.0,5.0,2.5000000000019242,10.0,8,32,2,0
Guinea,2015-08-04,3784.0,2522.0,0.0,1.25,0,5.0,0.0,0.0,5.0,2.5000000000019242,-1.0,8,32,2,0
Guinea,2015-08-05,3784.0,2522.0,0.0,1.25,0,0.0,5.0,0.0,5.0,2.5000000000019242,0.0,8,32,2,0
Guinea,2015-08-06,3792.0,2524.0,8.0,3.25,0,0.0,0.0,5.0,8.0,3.9475730941102234,10.0,8,32,2,0
Guinea,2015-08-07,3795.0,2524.0,3.0,2.75,0,8.0,0.0,0.0,8.0,3.77491721763665,-0.625,8,32,2,0
Guinea,2015-08-10,3791.0,2524.0,0.0,2.75,0,3.0,8.0,0.0,8.0,3.77491721763665,-1.0,8,33,2,0
Guinea,2015-08-11,3787.0,2524.0,0.0,2.75,0,0.0,3.0,8.0,8.0,3.77491721763665,0.0,8,33,2,0
Guinea,2015-08-12,3787.0,2524.0,0.0,0.75,0,0.0,0.0,3.0,3.0,1.5000000000032057,0.0,8,33,2,0
Guinea,2015-08-13,3792.0,2524.0,5.0,1.25,0,0.0,0.0,0.0,5.0,2.500000000001924,10.0,8,33,2,0
Guinea,2015-08-14,3791.0,2524.0,0.0,1.25,0,5.0,0.0,0.0,5.0,2.500000000001924,-1.0,8,33,2,0
Guinea,2015-08-17,3790.0,2524.0,0.0,1.25,0,0.0,5.0,0.0,5.0,2.500000000001924,0.0,8,34,2,0
Guinea,2015-08-18,3786.0,2524.0,0.0,1.25,0,0.0,0.0,5.0,5.0,2.500000000001924,0.0,8,34,2,0
Guinea,2015-08-19,3786.0,2524.0,0.0,0.0,0,0.0,0.0,0.0,0.0,0.0,0.0,8,34,2,0
Guinea,2015-08-20,3792.0,2526.0,6.0,1.5,0,0.0,0.0,0.0,6.0,3.0000000000016036,10.0,8,34,2,0
Guinea,2015-08-21,3795.0,2526.0,3.0,2.25,0,6.0,0.0,0.0,6.0,2.87228132327069,-0.5,8,34,2,0
Guinea,2015-08-24,3790.0,2527.0,0.0,2.25,0,3.0,6.0,0.0,6.0,2.87228132327069,-1.0,8,35,2,0
Guinea,2015-08-25,3792.0,2527.0,2.0,2.75,0,0.0,3.0,6.0,6.0,2.5000000000019256,10.0,8,35,2,0
Guinea,2015-08-26,3792.0,2527.0,0.0,1.25,0,2.0,0.0,3.0,3.0,1.5000000000032065,-1.0,8,35,2,0
Guinea,2015-08-27,3797.0,2528.0,5.0,1.75,0,0.0,2.0,0.0,5.0,2.36290781312834,10.0,8,35,2,0
Guinea,2015-08-28,3797.0,2528.0,0.0,1.75,0,5.0,0.0,2.0,5.0,2.36290781312834,-1.0,8,35,2,0
Guinea,2015-08-31,3790.0,2528.0,0.0,1.25,0,0.0,5.0,0.0,5.0,2.500000000001924,0.0,8,36,2,0
Guinea,2015-09-01,3792.0,2529.0,2.0,1.75,0,0.0,0.0,5.0,5.0,2.36290781312834,10.0,9,36,3,0
Guinea,2015-09-02,3792.0,2529.0,0.0,0.5,0,2.0,0.0,0.0,2.0,1.000000000004808,-1.0,9,36,3,0
Guinea,2015-09-03,3792.0,2529.0,0.0,0.5,0,0.0,2.0,0.0,2.0,1.000000000004808,0.0,9,36,3,0
Guinea,2015-09-04,3792.0,2529.0,0.0,0.5,0,0.0,0.0,2.0,2.0,1.000000000004808,0.0,9,36,3,0
Guinea,2015-09-07,3793.0,2530.0,1.0,0.25,0,0.0,0.0,0.0,1.0,0.5000000000096149,10.0,9,37,3,0
Guinea,2015-09-08,3792.0,2530.0,0.0,0.25,0,1.0,0.0,0.0,1.0,0.500000000009615,-1.0,9,37,3,0
Guinea,2015-09-09,3792.0,2530.0,0.0,0.25,0,0.0,1.0,0.0,1.0,0.500000000009615,0.0,9,37,3,0
Guinea,2015-09-10,3791.0,2530.0,0.0,0.25,0,0.0,0.0,1.0,1.0,0.500000000009615,0.0,9,37,3,0
Guinea,2015-09-11,3791.0,2530.0,0.0,0.0,0,0.0,0.0,0.0,0.0,0.0,0.0,9,37,3,0
Guinea,2015-09-14,3793.0,2530.0,2.0,0.5,0,0.0,0.0,0.0,2.0,1.000000000004808,10.0,9,38,3,0
Guinea,2015-09-15,3792.0,2530.0,0.0,0.5,0,2.0,0.0,0.0,2.0,1.000000000004808,-1.0,9,38,3,0
Guinea,2015-09-16,3792.0,2530.0,0.0,0.5,0,0.0,2.0,0.0,2.0,1.000000000004808,0.0,9,38,3,0
Guinea,2015-09-17,3794.0,2530.0,2.0,1.0,0,0.0,0.0,2.0,2.0,1.1547005383834166,10.0,9,38,3,0
Guinea,2015-09-18,3794.0,2531.0,0.0,0.5,0,2.0,0.0,0.0,2.0,1.000000000004808,-1.0,9,38,3,0
Guinea,2015-09-21,3797.0,2532.0,3.0,1.25,0,0.0,2.0,0.0,3.0,1.5000000000032065,10.0,9,39,3,0
Guinea,2015-09-22,3800.0,2532.0,3.0,2.0,0,3.0,0.0,2.0,3.0,1.4142135623764975,0.0,9,39,3,0
Guinea,2015-09-23,3800.0,2532.0,0.0,1.5,0,3.0,3.0,0.0,3.0,1.7320508075716545,-1.0,9,39,3,0
Guinea,2015-09-24,3801.0,2533.0,1.0,1.75,0,0.0,3.0,3.0,3.0,1.5000000000032074,10.0,9,39,3,0
Guinea,2015-09-25,3797.0,2533.0,0.0,1.0,0,1.0,0.0,3.0,3.0,1.4142135623764958,-1.0,9,39,3,0
Guinea,2015-09-28,3805.0,2533.0,8.0,2.25,0,0.0,1.0,0.0,8.0,3.8622100754200686,10.0,9,40,3,0
Guinea,2015-09-29,3805.0,2533.0,0.0,2.25,0,8.0,0.0,1.0,8.0,3.862210075420068,-1.0,9,40,3,0
Guinea,2015-09-30,3805.0,2533.0,0.0,2.0,0,0.0,8.0,0.0,8.0,4.000000000001202,0.0,9,40,3,0
Guinea,2015-10-01,3808.0,2533.0,3.0,2.75,0,0.0,0.0,8.0,8.0,3.7749172176366494,10.0,10,40,3,0
Guinea,2015-10-02,3809.0,2533.0,1.0,1.0,0,3.0,0.0,0.0,3.0,1.414213562376494,-0.6666666666666667,10,40,3,0
Guinea,2015-10-05,3804.0,2534.0,0.0,1.0,0,1.0,3.0,0.0,3.0,1.414213562376494,-1.0,10,41,3,0
Guinea,2015-10-06,3804.0,2534.0,0.0,1.0,0,0.0,1.0,3.0,3.0,1.414213562376494,0.0,10,41,3,0
Guinea,2015-10-07,3804.0,2534.0,0.0,0.25,0,0.0,0.0,1.0,1.0,0.5000000000096101,0.0,10,41,3,0
Guinea,2015-10-08,3799.0,2534.0,0.0,0.0,0,0.0,0.0,0.0,0.0,0.0,0.0,10,41,3,0
Guinea,2015-10-09,3800.0,2534.0,1.0,0.25,0,0.0,0.0,0.0,1.0,0.5000000000096101,10.0,10,41,3,0
Guinea,2015-10-13,3800.0,2534.0,0.0,0.25,0,1.0,0.0,0.0,1.0,0.5000000000096101,-1.0,10,42,3,0
Guinea,2015-10-15,3802.0,2534.0,2.0,0.75,0,0.0,1.0,0.0,2.0,0.9574271077613581,10.0,10,42,3,0
Guinea,2015-10-16,3804.0,2535.0,2.0,1.25,0,2.0,0.0,1.0,2.0,0.9574271077613593,0.0,10,42,3,0
Guinea,2015-10-20,3803.0,2535.0,0.0,1.0,0,2.0,2.0,0.0,2.0,1.1547005383834144,-1.0,10,43,3,0
Guinea,2015-10-22,3801.0,2535.0,0.0,1.0,0,0.0,2.0,2.0,2.0,1.1547005383834144,0.0,10,43,3,0
Guinea,2015-10-23,3801.0,2535.0,0.0,0.5,0,0.0,0.0,2.0,2.0,1.0000000000048055,0.0,10,43,3,0
Guinea,2015-10-26,3804.0,2535.0,3.0,0.75,0,0.0,0.0,0.0,3.0,1.500000000003204,10.0,10,44,3,0
Guinea,2015-10-27,3806.0,2535.0,2.0,1.25,0,3.0,0.0,0.0,3.0,1.500000000003205,-0.33333333333333337,10,44,3,0
Guinea,2015-10-29,3808.0,2536.0,2.0,1.75,0,2.0,3.0,0.0,3.0,1.2583057392156132,0.0,10,44,3,0
Guinea,2015-10-30,3808.0,2536.0,0.0,1.75,0,2.0,2.0,3.0,3.0,1.2583057392156132,-1.0,10,44,3,0
Guinea,2015-11-03,3810.0,2536.0,2.0,1.5,0,0.0,2.0,2.0,2.0,1.0000000000048082,10.0,11,45,3,0
Guinea,2015-11-05,3805.0,2536.0,0.0,1.0,0,2.0,0.0,2.0,2.0,1.1547005383834146,-1.0,11,45,3,0
Guinea,2015-11-06,3805.0,2536.0,0.0,0.5,0,0.0,2.0,0.0,2.0,1.0000000000048057,0.0,11,45,3,0
Guinea,2015-11-10,3805.0,2536.0,0.0,0.5,0,0.0,0.0,2.0,2.0,1.0000000000048057,0.0,11,46,3,0
Guinea,2015-11-11,3805.0,2536.0,0.0,0.0,0,0.0,0.0,0.0,0.0,0.0,0.0,11,46,3,0
Guinea,2015-11-12,3805.0,2536.0,0.0,0.0,0,0.0,0.0,0.0,0.0,0.0,0.0,11,46,3,0
Guinea,2015-11-16,3805.0,2536.0,0.0,0.0,0,0.0,0.0,0.0,0.0,0.0,0.0,11,47,3,0
Guinea,2015-11-17,3804.0,2536.0,0.0,0.0,0,0.0,0.0,0.0,0.0,0.0,0.0,11,47,3,0
Guinea,2015-11-20,3804.0,2536.0,0.0,0.0,0,0.0,0.0,0.0,0.0,0.0,0.0,11,47,3,0
Guinea,2015-11-24,3804.0,2536.0,0.0,0.0,0,0.0,0.0,0.0,0.0,0.0,0.0,11,48,3,0
Guinea,2015-11-26,3804.0,2536.0,0.0,0.0,0,0.0,0.0,0.0,0.0,0.0,0.0,11,48,3,0
Guinea,2015-12-01,3804.0,2536.0,0.0,0.0,0,0.0,0.0,0.0,0.0,0.0,0.0,12,49,0,0
Guinea,2015-12-02,3804.0,2536.0,0.0,0.0,0,0.0,0.0,0.0,0.0,0.0,0.0,12,49,0,0
Guinea,2015-12-03,3805.0,2536.0,1.0,0.25,0,0.0,0.0,0.0,1.0,0.5000000000096102,10.0,12,49,0,0
Guinea,2015-12-09,3804.0,2536.0,0.0,0.25,0,1.0,0.0,0.0,1.0,0.5000000000096102,-1.0,12,50,0,0
Guinea,2015-12-10,3804.0,2536.0,0.0,0.25,0,0.0,1.0,0.0,1.0,0.5000000000096102,0.0,12,50,0,0
Guinea,2015-12-11,3804.0,2536.0,0.0,0.25,0,0.0,0.0,1.0,1.0,0.5000000000096102,0.0,12,50,0,0
Guinea,2015-12-15,3807.0,2536.0,3.0,0.75,0,0.0,0.0,0.0,3.0,1.5000000000032043,10.0,12,51,0,0
Guinea,2015-12-16,3807.0,2536.0,0.0,0.75,0,3.0,0.0,0.0,3.0,1.5000000000032043,-1.0,12,51,0,0
Guinea,2015-12-17,3805.0,2536.0,0.0,0.75,0,0.0,3.0,0.0,3.0,1.5000000000032043,0.0,12,51,0,0
Guinea,2015-12-22,3804.0,2536.0,0.0,0.75,0,0.0,0.0,3.0,3.0,1.5000000000032043,0.0,12,52,0,0
Guinea,2015-12-23,3804.0,2536.0,0.0,0.0,0,0.0,0.0,0.0,0.0,0.0,0.0,12,52,0,0
Guinea,2015-12-29,3804.0,2536.0,0.0,0.0,0,0.0,0.0,0.0,0.0,0.0,0.0,12,53,0,0
Guinea,2016-03-23,3804.0,2536.0,0.0,0.0,0,0.0,0.0,0.0,0.0,0.0,0.0,3,12,1,0
Italy,2015-05-14,1.0,0.0,1.0,1.0,0,,,,1.0,0.0,0.0,5,20,1,1
Italy,2015-05-15,1.0,0.0,0.0,0.5,0,1.0,,,1.0,0.7071067811865476,-1.0,5,20,1,1
Italy,2015-05-18,1.0,0.0,0.0,0.3333333333333333,0,0.0,1.0,,1.0,0.5773502691896258,0.0,5,21,1,1
Italy,2015-05-19,1.0,0.0,0.0,0.25,0,0.0,0.0,1.0,1.0,0.5,0.0,5,21,1,1
Italy,2015-05-20,1.0,0.0,0.0,0.0,0,0.0,0.0,0.0,0.0,0.0,0.0,5,21,1,1
Italy,2015-05-21,1.0,0.0,0.0,0.0,0,0.0,0.0,0.0,0.0,0.0,0.0,5,21,1,1
Italy,2015-05-22,1.0,0.0,0.0,0.0,0,0.0,0.0,0.0,0.0,0.0,0.0,5,21,1,1
Italy,2015-05-25,1.0,0.0,0.0,0.0,0,0.0,0.0,0.0,0.0,0.0,0.0,5,22,1,1
Italy,2015-05-26,1.0,0.0,0.0,0.0,0,0.0,0.0,0.0,0.0,0.0,0.0,5,22,1,1
Italy,2015-05-27,1.0,0.0,0.0,0.0,0,0.0,0.0,0.0,0.0,0.0,0.0,5,22,1,1
Italy,2015-05-28,1.0,0.0,0.0,0.0,0,0.0,0.0,0.0,0.0,0.0,0.0,5,22,1,1
Italy,2015-05-29,1.0,0.0,0.0,0.0,0,0.0,0.0,0.0,0.0,0.0,0.0,5,22,1,1
Italy,2015-06-01,1.0,0.0,0.0,0.0,0,0.0,0.0,0.0,0.0,0.0,0.0,6,23,2,1
Italy,2015-06-02,1.0,0.0,0.0,0.0,0,0.0,0.0,0.0,0.0,0.0,0.0,6,23,2,1
Italy,2015-06-03,1.0,0.0,0.0,0.0,0,0.0,0.0,0.0,0.0,0.0,0.0,6,23,2,1
Italy,2015-06-04,1.0,0.0,0.0,0.0,0,0.0,0.0,0.0,0.0,0.0,0.0,6,23,2,1
Italy,2015-06-05,1.0,0.0,0.0,0.0,0,0.0,0.0,0.0,0.0,0.0,0.0,6,23,2,1
Italy,2015-06-08,1.0,0.0,0.0,0.0,0,0.0,0.0,0.0,0.0,0.0,0.0,6,24,2,1
Italy,2015-06-09,1.0,0.0,0.0,0.0,0,0.0,0.0,0.0,0.0,0.0,0.0,6,24,2,1
Italy,2015-06-10,1.0,0.0,0.0,0.0,0,0.0,0.0,0.0,0.0,0.0,0.0,6,24,2,1
Italy,2015-06-11,1.0,0.0,0.0,0.0,0,0.0,0.0,0.0,0.0,0.0,0.0,6,24,2,1
Italy,2015-06-12,1.0,0.0,0.0,0.0,0,0.0,0.0,0.0,0.0,0.0,0.0,6,24,2,1
Italy,2015-06-15,1.0,0.0,0.0,0.0,0,0.0,0.0,0.0,0.0,0.0,0.0,6,25,2,1
Italy,2015-06-16,1.0,0.0,0.0,0.0,0,0.0,0.0,0.0,0.0,0.0,0.0,6,25,2,1
Italy,2015-06-17,1.0,0.0,0.0,0.0,0,0.0,0.0,0.0,0.0,0.0,0.0,6,25,2,1
Italy,2015-06-18,1.0,0.0,0.0,0.0,0,0.0,0.0,0.0,0.0,0.0,0.0,6,25,2,1
Italy,2015-06-19,1.0,0.0,0.0,0.0,0,0.0,0.0,0.0,0.0,0.0,0.0,6,25,2,1
Italy,2015-06-22,1.0,0.0,0.0,0.0,0,0.0,0.0,0.0,0.0,0.0,0.0,6,26,2,1
Italy,2015-06-23,1.0,0.0,0.0,0.0,0,0.0,0.0,0.0,0.0,0.0,0.0,6,26,2,1
Italy,2015-06-24,1.0,0.0,0.0,0.0,0,0.0,0.0,0.0,0.0,0.0,0.0,6,26,2,1
Italy,2015-06-25,1.0,0.0,0.0,0.0,0,0.0,0.0,0.0,0.0,0.0,0.0,6,26,2,1
Italy,2015-06-26,1.0,0.0,0.0,0.0,0,0.0,0.0,0.0,0.0,0.0,0.0,6,26,2,1
Italy,2015-06-29,1.0,0.0,0.0,0.0,0,0.0,0.0,0.0,0.0,0.0,0.0,6,27,2,1
Italy,2015-06-30,1.0,0.0,0.0,0.0,0,0.0,0.0,0.0,0.0,0.0,0.0,6,27,2,1
Italy,2015-07-01,1.0,0.0,0.0,0.0,0,0.0,0.0,0.0,0.0,0.0,0.0,7,27,2,1
Italy,2015-07-02,1.0,0.0,0.0,0.0,0,0.0,0.0,0.0,0.0,0.0,0.0,7,27,2,1
Italy,2015-07-03,1.0,0.0,0.0,0.0,0,0.0,0.0,0.0,0.0,0.0,0.0,7,27,2,1
Italy,2015-07-06,1.0,0.0,0.0,0.0,0,0.0,0.0,0.0,0.0,0.0,0.0,7,28,2,1
Italy,2015-07-07,1.0,0.0,0.0,0.0,0,0.0,0.0,0.0,0.0,0.0,0.0,7,28,2,1
Italy,2015-07-08,1.0,0.0,0.0,0.0,0,0.0,0.0,0.0,0.0,0.0,0.0,7,28,2,1
Italy,2015-07-09,1.0,0.0,0.0,0.0,0,0.0,0.0,0.0,0.0,0.0,0.0,7,28,2,1
Italy,2015-07-10,1.0,0.0,0.0,0.0,0,0.0,0.0,0.0,0.0,0.0,0.0,7,28,2,1
Italy,2015-07-13,1.0,0.0,0.0,0.0,0,0.0,0.0,0.0,0.0,0.0,0.0,7,29,2,1
Italy,2015-07-14,1.0,0.0,0.0,0.0,0,0.0,0.0,0.0,0.0,0.0,0.0,7,29,2,1
Italy,2015-07-15,1.0,0.0,0.0,0.0,0,0.0,0.0,0.0,0.0,0.0,0.0,7,29,2,1
Italy,2015-07-16,1.0,0.0,0.0,0.0,0,0.0,0.0,0.0,0.0,0.0,0.0,7,29,2,1
Italy,2015-07-17,1.0,0.0,0.0,0.0,0,0.0,0.0,0.0,0.0,0.0,0.0,7,29,2,1
Italy,2015-07-20,1.0,0.0,0.0,0.0,0,0.0,0.0,0.0,0.0,0.0,0.0,7,30,2,1
Italy,2015-07-21,1.0,0.0,0.0,0.0,0,0.0,0.0,0.0,0.0,0.0,0.0,7,30,2,1
Italy,2015-07-22,1.0,0.0,0.0,0.0,0,0.0,0.0,0.0,0.0,0.0,0.0,7,30,2,1
Italy,2015-07-23,1.0,0.0,0.0,0.0,0,0.0,0.0,0.0,0.0,0.0,0.0,7,30,2,1
Italy,2015-07-24,1.0,0.0,0.0,0.0,0,0.0,0.0,0.0,0.0,0.0,0.0,7,30,2,1
Italy,2015-07-27,1.0,0.0,0.0,0.0,0,0.0,0.0,0.0,0.0,0.0,0.0,7,31,2,1
Italy,2015-07-28,1.0,0.0,0.0,0.0,0,0.0,0.0,0.0,0.0,0.0,0.0,7,31,2,1
Italy,2015-07-29,1.0,0.0,0.0,0.0,0,0.0,0.0,0.0,0.0,0.0,0.0,7,31,2,1
Italy,2015-07-30,1.0,0.0,0.0,0.0,0,0.0,0.0,0.0,0.0,0.0,0.0,7,31,2,1
Italy,2015-07-31,1.0,0.0,0.0,0.0,0,0.0,0.0,0.0,0.0,0.0,0.0,7,31,2,1
Italy,2015-08-03,1.0,0.0,0.0,0.0,0,0.0,0.0,0.0,0.0,0.0,0.0,8,32,2,1
Italy,2015-08-04,1.0,0.0,0.0,0.0,0,0.0,0.0,0.0,0.0,0.0,0.0,8,32,2,1
Italy,2015-08-05,1.0,0.0,0.0,0.0,0,0.0,0.0,0.0,0.0,0.0,0.0,8,32,2,1
Italy,2015-08-06,1.0,0.0,0.0,0.0,0,0.0,0.0,0.0,0.0,0.0,0.0,8,32,2,1
Italy,2015-08-07,1.0,0.0,0.0,0.0,0,0.0,0.0,0.0,0.0,0.0,0.0,8,32,2,1
Italy,2015-08-10,1.0,0.0,0.0,0.0,0,0.0,0.0,0.0,0.0,0.0,0.0,8,33,2,1
Italy,2015-08-11,1.0,0.0,0.0,0.0,0,0.0,0.0,0.0,0.0,0.0,0.0,8,33,2,1
Italy,2015-08-12,1.0,0.0,0.0,0.0,0,0.0,0.0,0.0,0.0,0.0,0.0,8,33,2,1
Italy,2015-08-13,1.0,0.0,0.0,0.0,0,0.0,0.0,0.0,0.0,0.0,0.0,8,33,2,1
Italy,2015-08-14,1.0,0.0,0.0,0.0,0,0.0,0.0,0.0,0.0,0.0,0.0,8,33,2,1
Italy,2015-08-17,1.0,0.0,0.0,0.0,0,0.0,0.0,0.0,0.0,0.0,0.0,8,34,2,1
Italy,2015-08-18,1.0,0.0,0.0,0.0,0,0.0,0.0,0.0,0.0,0.0,0.0,8,34,2,1
Italy,2015-08-19,1.0,0.0,0.0,0.0,0,0.0,0.0,0.0,0.0,0.0,0.0,8,34,2,1
Italy,2015-08-20,1.0,0.0,0.0,0.0,0,0.0,0.0,0.0,0.0,0.0,0.0,8,34,2,1
Italy,2015-08-21,1.0,0.0,0.0,0.0,0,0.0,0.0,0.0,0.0,0.0,0.0,8,34,2,1
Italy,2015-08-24,1.0,0.0,0.0,0.0,0,0.0,0.0,0.0,0.0,0.0,0.0,8,35,2,1
Italy,2015-08-25,1.0,0.0,0.0,0.0,0,0.0,0.0,0.0,0.0,0.0,0.0,8,35,2,1
Italy,2015-08-26,1.0,0.0,0.0,0.0,0,0.0,0.0,0.0,0.0,0.0,0.0,8,35,2,1
Italy,2015-08-27,1.0,0.0,0.0,0.0,0,0.0,0.0,0.0,0.0,0.0,0.0,8,35,2,1
Italy,2015-08-28,1.0,0.0,0.0,0.0,0,0.0,0.0,0.0,0.0,0.0,0.0,8,35,2,1
Italy,2015-08-31,1.0,0.0,0.0,0.0,0,0.0,0.0,0.0,0.0,0.0,0.0,8,36,2,1
Italy,2015-09-01,1.0,0.0,0.0,0.0,0,0.0,0.0,0.0,0.0,0.0,0.0,9,36,3,1
Italy,2015-09-02,1.0,0.0,0.0,0.0,0,0.0,0.0,0.0,0.0,0.0,0.0,9,36,3,1
Italy,2015-09-03,1.0,0.0,0.0,0.0,0,0.0,0.0,0.0,0.0,0.0,0.0,9,36,3,1
Italy,2015-09-04,1.0,0.0,0.0,0.0,0,0.0,0.0,0.0,0.0,0.0,0.0,9,36,3,1
Italy,2015-09-07,1.0,0.0,0.0,0.0,0,0.0,0.0,0.0,0.0,0.0,0.0,9,37,3,1
Italy,2015-09-08,1.0,0.0,0.0,0.0,0,0.0,0.0,0.0,0.0,0.0,0.0,9,37,3,1
Italy,2015-09-09,1.0,0.0,0.0,0.0,0,0.0,0.0,0.0,0.0,0.0,0.0,9,37,3,1
Italy,2015-09-10,1.0,0.0,0.0,0.0,0,0.0,0.0,0.0,0.0,0.0,0.0,9,37,3,1
Italy,2015-09-11,1.0,0.0,0.0,0.0,0,0.0,0.0,0.0,0.0,0.0,0.0,9,37,3,1
Italy,2015-09-14,1.0,0.0,0.0,0.0,0,0.0,0.0,0.0,0.0,0.0,0.0,9,38,3,1
Italy,2015-09-15,1.0,0.0,0.0,0.0,0,0.0,0.0,0.0,0.0,0.0,0.0,9,38,3,1
Italy,2015-09-16,1.0,0.0,0.0,0.0,0,0.0,0.0,0.0,0.0,0.0,0.0,9,38,3,1
Italy,2015-09-17,1.0,0.0,0.0,0.0,0,0.0,0.0,0.0,0.0,0.0,0.0,9,38,3,1
Italy,2015-09-18,1.0,0.0,0.0,0.0,0,0.0,0.0,0.0,0.0,0.0,0.0,9,38,3,1
Italy,2015-09-21,1.0,0.0,0.0,0.0,0,0.0,0.0,0.0,0.0,0.0,0.0,9,39,3,1
Italy,2015-09-22,1.0,0.0,0.0,0.0,0,0.0,0.0,0.0,0.0,0.0,0.0,9,39,3,1
Italy,2015-09-23,1.0,0.0,0.0,0.0,0,0.0,0.0,0.0,0.0,0.0,0.0,9,39,3,1
Italy,2015-09-24,1.0,0.0,0.0,0.0,0,0.0,0.0,0.0,0.0,0.0,0.0,9,39,3,1
Italy,2015-09-25,1.0,0.0,0.0,0.0,0,0.0,0.0,0.0,0.0,0.0,0.0,9,39,3,1
Italy,2015-09-28,1.0,0.0,0.0,0.0,0,0.0,0.0,0.0,0.0,0.0,0.0,9,40,3,1
Italy,2015-09-29,1.0,0.0,0.0,0.0,0,0.0,0.0,0.0,0.0,0.0,0.0,9,40,3,1
Italy,2015-09-30,1.0,0.0,0.0,0.0,0,0.0,0.0,0.0,0.0,0.0,0.0,9,40,3,1
Italy,2015-10-01,1.0,0.0,0.0,0.0,0,0.0,0.0,0.0,0.0,0.0,0.0,10,40,3,1
Italy,2015-10-02,1.0,0.0,0.0,0.0,0,0.0,0.0,0.0,0.0,0.0,0.0,10,40,3,1
Italy,2015-10-05,1.0,0.0,0.0,0.0,0,0.0,0.0,0.0,0.0,0.0,0.0,10,41,3,1
Italy,2015-10-06,1.0,0.0,0.0,0.0,0,0.0,0.0,0.0,0.0,0.0,0.0,10,41,3,1
Italy,2015-10-07,1.0,0.0,0.0,0.0,0,0.0,0.0,0.0,0.0,0.0,0.0,10,41,3,1
Italy,2015-10-08,1.0,0.0,0.0,0.0,0,0.0,0.0,0.0,0.0,0.0,0.0,10,41,3,1
Italy,2015-10-09,1.0,0.0,0.0,0.0,0,0.0,0.0,0.0,0.0,0.0,0.0,10,41,3,1
Italy,2015-10-13,1.0,0.0,0.0,0.0,0,0.0,0.0,0.0,0.0,0.0,0.0,10,42,3,1
Italy,2015-10-15,1.0,0.0,0.0,0.0,0,0.0,0.0,0.0,0.0,0.0,0.0,10,42,3,1
Italy,2015-10-16,1.0,0.0,0.0,0.0,0,0.0,0.0,0.0,0.0,0.0,0.0,10,42,3,1
Italy,2015-10-20,1.0,0.0,0.0,0.0,0,0.0,0.0,0.0,0.0,0.0,0.0,10,43,3,1
Italy,2015-10-22,1.0,0.0,0.0,0.0,0,0.0,0.0,0.0,0.0,0.0,0.0,10,43,3,1
Italy,2015-10-23,1.0,0.0,0.0,0.0,0,0.0,0.0,0.0,0.0,0.0,0.0,10,43,3,1
Italy,2015-10-26,1.0,0.0,0.0,0.0,0,0.0,0.0,0.0,0.0,0.0,0.0,10,44,3,1
Italy,2015-10-27,1.0,0.0,0.0,0.0,0,0.0,0.0,0.0,0.0,0.0,0.0,10,44,3,1
Italy,2015-10-29,1.0,0.0,0.0,0.0,0,0.0,0.0,0.0,0.0,0.0,0.0,10,44,3,1
Italy,2015-10-30,1.0,0.0,0.0,0.0,0,0.0,0.0,0.0,0.0,0.0,0.0,10,44,3,1
Italy,2015-11-03,1.0,0.0,0.0,0.0,0,0.0,0.0,0.0,0.0,0.0,0.0,11,45,3,1
Italy,2015-11-05,1.0,0.0,0.0,0.0,0,0.0,0.0,0.0,0.0,0.0,0.0,11,45,3,1
Italy,2015-11-06,1.0,0.0,0.0,0.0,0,0.0,0.0,0.0,0.0,0.0,0.0,11,45,3,1
Italy,2015-11-10,1.0,0.0,0.0,0.0,0,0.0,0.0,0.0,0.0,0.0,0.0,11,46,3,1
Italy,2015-11-11,1.0,0.0,0.0,0.0,0,0.0,0.0,0.0,0.0,0.0,0.0,11,46,3,1
Italy,2015-11-12,1.0,0.0,0.0,0.0,0,0.0,0.0,0.0,0.0,0.0,0.0,11,46,3,1
Italy,2015-11-16,1.0,0.0,0.0,0.0,0,0.0,0.0,0.0,0.0,0.0,0.0,11,47,3,1
Italy,2015-11-17,1.0,0.0,0.0,0.0,0,0.0,0.0,0.0,0.0,0.0,0.0,11,47,3,1
Italy,2015-11-20,1.0,0.0,0.0,0.0,0,0.0,0.0,0.0,0.0,0.0,0.0,11,47,3,1
Italy,2015-11-24,1.0,0.0,0.0,0.0,0,0.0,0.0,0.0,0.0,0.0,0.0,11,48,3,1
Italy,2015-11-26,1.0,0.0,0.0,0.0,0,0.0,0.0,0.0,0.0,0.0,0.0,11,48,3,1
Italy,2015-12-01,1.0,0.0,0.0,0.0,0,0.0,0.0,0.0,0.0,0.0,0.0,12,49,0,1
Italy,2015-12-02,1.0,0.0,0.0,0.0,0,0.0,0.0,0.0,0.0,0.0,0.0,12,49,0,1
Italy,2015-12-03,1.0,0.0,0.0,0.0,0,0.0,0.0,0.0,0.0,0.0,0.0,12,49,0,1
Italy,2015-12-09,1.0,0.0,0.0,0.0,0,0.0,0.0,0.0,0.0,0.0,0.0,12,50,0,1
Italy,2015-12-10,1.0,0.0,0.0,0.0,0,0.0,0.0,0.0,0.0,0.0,0.0,12,50,0,1
Italy,2015-12-11,1.0,0.0,0.0,0.0,0,0.0,0.0,0.0,0.0,0.0,0.0,12,50,0,1
Italy,2015-12-15,1.0,0.0,0.0,0.0,0,0.0,0.0,0.0,0.0,0.0,0.0,12,51,0,1
Italy,2015-12-16,1.0,0.0,0.0,0.0,0,0.0,0.0,0.0,0.0,0.0,0.0,12,51,0,1
Italy,2015-12-17,1.0,0.0,0.0,0.0,0,0.0,0.0,0.0,0.0,0.0,0.0,12,51,0,1
Italy,2015-12-22,1.0,0.0,0.0,0.0,0,0.0,0.0,0.0,0.0,0.0,0.0,12,52,0,1
Italy,2015-12-23,1.0,0.0,0.0,0.0,0,0.0,0.0,0.0,0.0,0.0,0.0,12,52,0,1
Italy,2015-12-29,1.0,0.0,0.0,0.0,0,0.0,0.0,0.0,0.0,0.0,0.0,12,53,0,1
Italy,2016-03-23,1.0,0.0,0.0,0.0,0,0.0,0.0,0.0,0.0,0.0,0.0,3,12,1,1
Liberia,2014-08-29,1378.0,694.0,1378.0,1378.0,0,,,,1378.0,0.0,0.0,8,35,2,2
Liberia,2014-09-05,1871.0,1089.0,493.0,935.5,0,1378.0,,,1378.0,625.7895013500946,-0.6422351233671988,9,36,3,2
Liberia,2014-09-08,2046.0,1224.0,175.0,682.0,0,493.0,1378.0,,1378.0,623.3722804231834,-0.6450304259634889,9,37,3,2
Liberia,2014-09-12,2081.0,1137.0,35.0,520.25,0,175.0,493.0,1378.0,1378.0,603.0872656589592,-0.8,9,37,3,2
Liberia,2014-09-16,2407.0,1296.0,326.0,257.25,0,35.0,175.0,493.0,493.0,197.03193480584136,8.314285714285715,9,38,3,2
Liberia,2014-09-18,2710.0,1459.0,303.0,209.75,0,326.0,35.0,175.0,326.0,134.10785460466755,-0.07055214723926384,9,38,3,2
Liberia,2014-09-22,3022.0,1578.0,312.0,244.0,0,303.0,326.0,35.0,326.0,139.6543351755803,0.02970297029702973,9,39,3,2
Liberia,2014-09-24,3280.0,1677.0,258.0,299.75,0,312.0,303.0,326.0,326.0,29.39812919217794,-0.17307692307692313,9,39,3,2
Liberia,2014-09-26,3458.0,1830.0,178.0,262.75,0,258.0,312.0,303.0,312.0,61.239284777012095,-0.31007751937984496,9,39,3,2
Liberia,2014-10-01,3696.0,1998.0,238.0,246.5,0,178.0,258.0,312.0,312.0,55.338353185953395,0.3370786516853932,10,40,3,2
Liberia,2014-10-03,3834.0,2069.0,138.0,203.0,0,238.0,178.0,258.0,258.0,55.075705472860875,-0.4201680672268907,10,40,3,2
Liberia,2014-10-08,3924.0,2210.0,90.0,161.0,0,138.0,238.0,178.0,238.0,62.68439465555456,-0.34782608695652173,10,41,3,2
Liberia,2014-10-10,4076.0,2316.0,152.0,154.5,0,90.0,138.0,238.0,238.0,61.67387345275673,0.6888888888888889,10,41,3,2
Liberia,2014-10-15,4249.0,2458.0,173.0,138.25,0,152.0,90.0,138.0,173.0,35.236108373844544,0.13815789473684204,10,42,3,2
Liberia,2014-10-17,4262.0,2484.0,13.0,107.0,0,173.0,152.0,90.0,173.0,71.89343966362057,-0.9248554913294798,10,42,3,2
Liberia,2014-10-22,4665.0,2705.0,403.0,185.25,1,13.0,173.0,152.0,403.0,161.59697810705902,10.0,10,43,3,2
Liberia,2014-10-25,4665.0,2705.0,0.0,147.25,0,403.0,13.0,173.0,403.0,187.7735781910401,-1.0,10,43,3,2
Liberia,2014-10-29,6535.0,2413.0,1870.0,571.5,1,0.0,403.0,13.0,1870.0,885.6314131736746,10.0,10,44,3,2
Liberia,2014-10-31,6535.0,2413.0,0.0,568.25,0,1870.0,0.0,403.0,1870.0,888.3836915057216,-1.0,10,44,3,2
Liberia,2014-11-05,6525.0,2697.0,0.0,467.5,0,0.0,1870.0,0.0,1870.0,934.9999999999999,0.0,11,45,3,2
Liberia,2014-11-07,6619.0,2766.0,94.0,491.0,0,0.0,0.0,1870.0,1870.0,920.4006374038064,10.0,11,45,3,2
Liberia,2014-11-12,6822.0,2836.0,203.0,74.25,1,94.0,0.0,0.0,203.0,96.59667005992733,1.1595744680851063,11,46,3,2
Liberia,2014-11-14,6878.0,2812.0,56.0,88.25,0,203.0,94.0,0.0,203.0,85.69082020068697,-0.7241379310344828,11,46,3,2
Liberia,2014-11-19,7069.0,2964.0,191.0,136.0,0,56.0,203.0,94.0,203.0,72.29107828770987,2.4107142857142856,11,47,3,2
Liberia,2014-11-21,7082.0,2963.0,13.0,115.75,0,191.0,56.0,203.0,203.0,95.57327032177876,-0.9319371727748691,11,47,3,2
Liberia,2014-11-26,7168.0,3016.0,86.0,86.5,0,13.0,191.0,56.0,191.0,75.83534795858587,5.615384615384615,11,48,3,2
Liberia,2014-12-01,7635.0,3145.0,467.0,189.25,1,86.0,13.0,191.0,467.0,199.0584085136817,4.430232558139535,12,49,0,2
Liberia,2014-12-03,7635.0,3145.0,0.0,141.5,0,467.0,86.0,13.0,467.0,220.27634159542976,-1.0,12,49,0,2
Liberia,2014-12-10,7719.0,3177.0,84.0,159.25,0,0.0,467.0,86.0,467.0,209.04445300780677,10.0,12,50,0,2
Liberia,2014-12-15,7797.0,3290.0,78.0,157.25,0,84.0,0.0,467.0,467.0,210.0148804251732,-0.0714285714285714,12,51,0,2
Liberia,2014-12-17,7797.0,3290.0,0.0,40.5,0,78.0,84.0,0.0,84.0,46.8294778958702,-1.0,12,51,0,2
Liberia,2014-12-22,7830.0,3376.0,33.0,48.75,0,0.0,78.0,84.0,84.0,39.67681942897888,10.0,12,52,0,2
Liberia,2014-12-23,7830.0,3376.0,0.0,27.75,0,33.0,0.0,78.0,78.0,36.93575503492239,-1.0,12,52,0,2
Liberia,2014-12-24,7862.0,3384.0,32.0,16.25,0,0.0,33.0,0.0,33.0,18.768324379117978,10.0,12,52,0,2
Liberia,2014-12-26,7862.0,3384.0,0.0,16.25,0,32.0,0.0,33.0,33.0,18.768324379117978,-1.0,12,52,0,2
Liberia,2014-12-29,7977.0,3413.0,115.0,36.75,1,0.0,32.0,0.0,115.0,54.3039286485468,10.0,12,1,0,2
Liberia,2014-12-30,7977.0,3413.0,0.0,36.75,0,115.0,0.0,32.0,115.0,54.3039286485468,-1.0,12,1,0,2
Liberia,2014-12-31,8018.0,3423.0,41.0,39.0,0,0.0,115.0,0.0,115.0,54.2279140910515,10.0,12,1,0,2
Liberia,2015-01-02,8018.0,3423.0,0.0,39.0,0,41.0,0.0,115.0,115.0,54.2279140910515,-1.0,1,1,0,2
Liberia,2015-01-05,8115.0,3471.0,97.0,34.5,1,0.0,41.0,0.0,97.0,45.9311078319091,10.0,1,2,0,2
Liberia,2015-01-06,8157.0,3496.0,42.0,45.0,0,97.0,0.0,41.0,97.0,39.80787191833372,-0.5670103092783505,1,2,0,2
Liberia,2015-01-07,8157.0,3496.0,0.0,34.75,0,42.0,97.0,0.0,97.0,45.98097432634279,-1.0,1,2,0,2
Liberia,2015-01-08,8166.0,3496.0,9.0,37.0,0,0.0,42.0,97.0,97.0,43.88621651498105,10.0,1,2,0,2
Liberia,2015-01-09,8263.0,3515.0,97.0,37.0,1,9.0,0.0,42.0,97.0,43.88621651498105,9.777777777777779,1,2,0,2
Liberia,2015-01-12,8278.0,3515.0,15.0,30.25,0,97.0,9.0,0.0,97.0,44.924937395613526,-0.845360824742268,1,3,0,2
Liberia,2015-01-13,8278.0,3515.0,0.0,30.25,0,15.0,97.0,9.0,97.0,44.92493739561353,-1.0,1,3,0,2
Liberia,2015-01-14,8331.0,3538.0,53.0,41.25,0,0.0,15.0,97.0,97.0,43.34647236703885,10.0,1,3,0,2
Liberia,2015-01-15,8362.0,3556.0,31.0,24.75,0,53.0,0.0,15.0,53.0,22.69177530883076,-0.41509433962264153,1,3,0,2
Liberia,2015-01-16,8362.0,3556.0,0.0,21.0,0,31.0,53.0,0.0,53.0,25.858589804288652,-1.0,1,3,0,2
Liberia,2015-01-19,8435.0,3587.0,73.0,39.25,0,0.0,31.0,53.0,73.0,31.287643993539398,10.0,1,4,0,2
Liberia,2015-01-20,8478.0,3605.0,43.0,36.75,0,73.0,0.0,31.0,73.0,30.203476621074522,-0.410958904109589,1,4,0,2
Liberia,2015-01-21,8478.0,3605.0,0.0,29.0,0,43.0,73.0,0.0,73.0,35.65576157275466,-1.0,1,4,0,2
Liberia,2015-01-22,8524.0,3636.0,46.0,40.5,0,0.0,43.0,73.0,73.0,30.182776545569748,10.0,1,4,0,2
Liberia,2015-01-23,8524.0,3636.0,0.0,22.25,0,46.0,0.0,43.0,46.0,25.721262281099808,-1.0,1,4,0,2
Liberia,2015-01-26,8524.0,3636.0,0.0,11.5,0,0.0,46.0,0.0,46.0,22.999999999995513,0.0,1,5,0,2
Liberia,2015-01-27,8622.0,3686.0,98.0,36.0,1,0.0,0.0,46.0,98.0,46.676189504569265,10.0,1,5,0,2
Liberia,2015-01-28,8622.0,3686.0,0.0,24.5,0,98.0,0.0,0.0,98.0,48.999999999997904,-1.0,1,5,0,2
Liberia,2015-01-29,8643.0,3700.0,21.0,29.75,0,0.0,98.0,0.0,98.0,46.56447143477305,10.0,1,5,0,2
Liberia,2015-01-30,8643.0,3700.0,0.0,29.75,0,21.0,0.0,98.0,98.0,46.56447143477305,-1.0,1,5,0,2
Liberia,2015-02-02,8668.0,3710.0,25.0,11.5,1,0.0,21.0,0.0,25.0,13.379088160251948,10.0,2,6,0,2
Liberia,2015-02-03,8729.0,3739.0,61.0,26.75,1,25.0,0.0,21.0,61.0,25.32949532330102,1.44,2,6,0,2
Liberia,2015-02-04,8745.0,3746.0,16.0,25.5,0,61.0,25.0,0.0,61.0,25.826343140285942,-0.7377049180327868,2,6,0,2
Liberia,2015-02-05,8745.0,3746.0,0.0,25.5,0,16.0,61.0,25.0,61.0,25.826343140285942,-1.0,2,6,0,2
Liberia,2015-02-06,8745.0,3746.0,0.0,19.25,0,0.0,16.0,61.0,61.0,28.83718664039763,0.0,2,6,0,2
Liberia,2015-02-10,8881.0,3826.0,136.0,38.0,1,0.0,0.0,16.0,136.0,65.76726642740391,10.0,2,7,0,2
Liberia,2015-02-11,8881.0,3826.0,0.0,34.0,0,136.0,0.0,0.0,136.0,67.9999999999985,-1.0,2,7,0,2
Liberia,2015-02-12,8881.0,3826.0,0.0,34.0,0,0.0,136.0,0.0,136.0,67.9999999999985,0.0,2,7,0,2
Liberia,2015-02-13,8931.0,3858.0,50.0,46.5,0,0.0,0.0,136.0,136.0,64.15346184475521,10.0,2,7,0,2
Liberia,2015-02-16,9007.0,3900.0,76.0,31.5,1,50.0,0.0,0.0,76.0,37.890192222611674,0.52,2,8,0,2
Liberia,2015-02-17,9007.0,3900.0,0.0,31.5,0,76.0,50.0,0.0,76.0,37.890192222611674,-1.0,2,8,0,2
Liberia,2015-02-18,9007.0,3900.0,0.0,31.5,0,0.0,76.0,50.0,76.0,37.890192222611674,0.0,2,8,0,2
Liberia,2015-02-19,9096.0,3947.0,89.0,41.25,1,0.0,0.0,76.0,89.0,47.92615848017096,10.0,2,8,0,2
Liberia,2015-02-20,9096.0,3947.0,0.0,22.25,0,89.0,0.0,0.0,89.0,44.49999999999769,-1.0,2,8,0,2
Liberia,2015-02-23,9229.0,4032.0,133.0,55.5,1,0.0,89.0,0.0,133.0,66.55574104963796,10.0,2,9,0,2
Liberia,2015-02-25,9238.0,4037.0,9.0,57.75,0,133.0,0.0,89.0,133.0,64.16320336973882,-0.9323308270676691,2,9,0,2
Liberia,2015-02-26,9265.0,4057.0,27.0,42.25,0,9.0,133.0,0.0,133.0,61.532511731602476,2.0,2,9,0,2
Liberia,2015-02-27,9265.0,4057.0,0.0,42.25,0,27.0,9.0,133.0,133.0,61.532511731602476,-1.0,2,9,0,2
Liberia,2015-03-02,9265.0,4057.0,0.0,9.0,0,0.0,27.0,9.0,27.0,12.727922061349748,0.0,3,10,1,2
Liberia,2015-03-04,9265.0,4057.0,0.0,6.75,0,0.0,0.0,27.0,27.0,13.499999999992351,0.0,3,10,1,2
Liberia,2015-03-05,9249.0,4117.0,0.0,0.0,0,0.0,0.0,0.0,0.0,0.0,0.0,3,10,1,2
Liberia,2015-03-06,9249.0,4117.0,0.0,0.0,0,0.0,0.0,0.0,0.0,0.0,0.0,3,10,1,2
Liberia,2015-03-10,9343.0,4162.0,94.0,23.5,1,0.0,0.0,0.0,94.0,46.99999999999782,10.0,3,11,1,2
Liberia,2015-03-11,9343.0,4162.0,0.0,23.5,0,94.0,0.0,0.0,94.0,46.99999999999782,-1.0,3,11,1,2
Liberia,2015-03-12,9343.0,4162.0,0.0,23.5,0,0.0,94.0,0.0,94.0,46.99999999999782,0.0,3,11,1,2
Liberia,2015-03-13,9482.0,4241.0,139.0,58.25,1,0.0,0.0,94.0,139.0,69.72505527665884,10.0,3,11,1,2
Liberia,2015-03-16,9482.0,4241.0,0.0,34.75,0,139.0,0.0,0.0,139.0,69.49999999999852,-1.0,3,12,1,2
Liberia,2015-03-17,9526.0,4264.0,44.0,45.75,0,0.0,139.0,0.0,139.0,65.53561372770125,10.0,3,12,1,2
Liberia,2015-03-18,9526.0,4264.0,0.0,45.75,0,44.0,0.0,139.0,139.0,65.53561372770125,-1.0,3,12,1,2
Liberia,2015-03-20,9555.0,4283.0,29.0,18.25,0,0.0,44.0,0.0,44.0,21.9450070251328,10.0,3,12,1,2
Liberia,2015-03-23,9593.0,4296.0,38.0,27.75,0,29.0,0.0,44.0,44.0,19.499999999994753,0.31034482758620685,3,13,1,2
Liberia,2015-03-24,9602.0,4301.0,9.0,19.0,0,38.0,29.0,0.0,38.0,17.530925056400417,-0.7631578947368421,3,13,1,2
Liberia,2015-03-25,9602.0,4301.0,0.0,19.0,0,9.0,38.0,29.0,38.0,17.530925056400417,-1.0,3,13,1,2
Liberia,2015-03-26,9602.0,4301.0,0.0,11.75,0,0.0,9.0,38.0,38.0,18.006943105363387,0.0,3,13,1,2
Liberia,2015-03-27,9602.0,4301.0,0.0,2.25,0,0.0,0.0,9.0,9.0,4.4999999999770415,0.0,3,13,1,2
Liberia,2015-04-07,9862.0,4408.0,260.0,65.0,1,0.0,0.0,0.0,260.0,129.99999999999923,10.0,4,15,1,2
Liberia,2015-04-09,9862.0,4408.0,0.0,65.0,0,260.0,0.0,0.0,260.0,129.99999999999923,-1.0,4,15,1,2
Liberia,2015-04-13,9862.0,4408.0,0.0,65.0,0,0.0,260.0,0.0,260.0,129.99999999999923,0.0,4,16,1,2
Liberia,2015-04-14,9862.0,4408.0,0.0,65.0,0,0.0,0.0,260.0,260.0,129.99999999999923,0.0,4,16,1,2
Liberia,2015-04-15,10042.0,4486.0,180.0,45.0,1,0.0,0.0,0.0,180.0,89.99999999999888,10.0,4,16,1,2
Liberia,2015-04-16,10042.0,4486.0,0.0,45.0,0,180.0,0.0,0.0,180.0,89.99999999999888,-1.0,4,16,1,2
Liberia,2015-04-17,10042.0,4486.0,0.0,45.0,0,0.0,180.0,0.0,180.0,89.99999999999888,0.0,4,16,1,2
Liberia,2015-04-20,10042.0,4486.0,0.0,45.0,0,0.0,0.0,180.0,180.0,89.99999999999888,0.0,4,17,1,2
Liberia,2015-04-21,10042.0,4486.0,0.0,0.0,0,0.0,0.0,0.0,0.0,0.0,0.0,4,17,1,2
Liberia,2015-04-22,10212.0,4573.0,170.0,42.5,1,0.0,0.0,0.0,170.0,84.99999999999882,10.0,4,17,1,2
Liberia,2015-04-23,10212.0,4573.0,0.0,42.5,0,170.0,0.0,0.0,170.0,84.99999999999882,-1.0,4,17,1,2
Liberia,2015-04-24,10212.0,4573.0,0.0,42.5,0,0.0,170.0,0.0,170.0,84.99999999999882,0.0,4,17,1,2
Liberia,2015-04-27,10212.0,4573.0,0.0,42.5,0,0.0,0.0,170.0,170.0,84.99999999999882,0.0,4,18,1,2
Liberia,2015-04-28,10322.0,4608.0,110.0,27.5,1,0.0,0.0,0.0,110.0,54.99999999999817,10.0,4,18,1,2
Liberia,2015-04-30,10322.0,4608.0,0.0,27.5,0,110.0,0.0,0.0,110.0,54.99999999999817,-1.0,4,18,1,2
Liberia,2015-05-01,10322.0,4608.0,0.0,27.5,0,0.0,110.0,0.0,110.0,54.99999999999817,0.0,5,18,1,2
Liberia,2015-05-04,10322.0,4608.0,0.0,27.5,0,0.0,0.0,110.0,110.0,54.99999999999817,0.0,5,19,1,2
Liberia,2015-05-05,10507.0,4691.0,185.0,46.25,1,0.0,0.0,0.0,185.0,92.4999999999989,10.0,5,19,1,2
Liberia,2015-05-06,10564.0,4716.0,57.0,60.5,0,185.0,0.0,0.0,185.0,87.2410453857575,-0.6918918918918919,5,19,1,2
Liberia,2015-05-07,10564.0,4716.0,0.0,60.5,0,57.0,185.0,0.0,185.0,87.2410453857575,-1.0,5,19,1,2
Liberia,2015-05-08,10564.0,4716.0,0.0,60.5,0,0.0,57.0,185.0,185.0,87.2410453857575,0.0,5,19,1,2
Liberia,2015-05-11,10604.0,4769.0,40.0,24.25,0,0.0,0.0,57.0,57.0,28.84874347349981,10.0,5,20,1,2
Liberia,2015-05-12,10604.0,4769.0,0.0,10.0,0,40.0,0.0,0.0,40.0,19.999999999994916,-1.0,5,20,1,2
Liberia,2015-05-13,10604.0,4769.0,0.0,10.0,0,0.0,40.0,0.0,40.0,19.999999999994916,0.0,5,20,1,2
Liberia,2015-05-14,10604.0,4769.0,0.0,10.0,0,0.0,0.0,40.0,40.0,19.999999999994916,0.0,5,20,1,2
Liberia,2015-05-15,10604.0,4769.0,0.0,0.0,0,0.0,0.0,0.0,0.0,0.0,0.0,5,20,1,2
Liberia,2015-05-18,10666.0,4806.0,62.0,15.5,1,0.0,0.0,0.0,62.0,30.999999999996728,10.0,5,21,1,2
Liberia,2015-05-19,10666.0,4806.0,0.0,15.5,0,62.0,0.0,0.0,62.0,30.999999999996728,-1.0,5,21,1,2
Liberia,2015-05-20,10666.0,4806.0,0.0,15.5,0,0.0,62.0,0.0,62.0,30.999999999996728,0.0,5,21,1,2
Liberia,2015-05-21,10666.0,4806.0,0.0,15.5,0,0.0,0.0,62.0,62.0,30.999999999996728,0.0,5,21,1,2
Liberia,2015-05-22,10666.0,4806.0,0.0,0.0,0,0.0,0.0,0.0,0.0,0.0,0.0,5,21,1,2
Liberia,2015-05-25,10666.0,4806.0,0.0,0.0,0,0.0,0.0,0.0,0.0,0.0,0.0,5,22,1,2
Liberia,2015-05-26,10666.0,4806.0,0.0,0.0,0,0.0,0.0,0.0,0.0,0.0,0.0,5,22,1,2
Liberia,2015-05-27,10666.0,4806.0,0.0,0.0,0,0.0,0.0,0.0,0.0,0.0,0.0,5,22,1,2
Liberia,2015-05-28,10666.0,4806.0,0.0,0.0,0,0.0,0.0,0.0,0.0,0.0,0.0,5,22,1,2
Liberia,2015-05-29,10666.0,4806.0,0.0,0.0,0,0.0,0.0,0.0,0.0,0.0,0.0,5,22,1,2
Liberia,2015-06-01,10666.0,4806.0,0.0,0.0,0,0.0,0.0,0.0,0.0,0.0,0.0,6,23,2,2
Liberia,2015-06-02,10666.0,4806.0,0.0,0.0,0,0.0,0.0,0.0,0.0,0.0,0.0,6,23,2,2
Liberia,2015-06-03,10666.0,4806.0,0.0,0.0,0,0.0,0.0,0.0,0.0,0.0,0.0,6,23,2,2
Liberia,2015-06-04,10666.0,4806.0,0.0,0.0,0,0.0,0.0,0.0,0.0,0.0,0.0,6,23,2,2
Liberia,2015-06-05,10666.0,4806.0,0.0,0.0,0,0.0,0.0,0.0,0.0,0.0,0.0,6,23,2,2
Liberia,2015-06-08,10666.0,4806.0,0.0,0.0,0,0.0,0.0,0.0,0.0,0.0,0.0,6,24,2,2
Liberia,2015-06-09,10666.0,4806.0,0.0,0.0,0,0.0,0.0,0.0,0.0,0.0,0.0,6,24,2,2
Liberia,2015-06-10,10666.0,4806.0,0.0,0.0,0,0.0,0.0,0.0,0.0,0.0,0.0,6,24,2,2
Liberia,2015-06-11,10666.0,4806.0,0.0,0.0,0,0.0,0.0,0.0,0.0,0.0,0.0,6,24,2,2
Liberia,2015-06-12,10666.0,4806.0,0.0,0.0,0,0.0,0.0,0.0,0.0,0.0,0.0,6,24,2,2
Liberia,2015-06-15,10666.0,4806.0,0.0,0.0,0,0.0,0.0,0.0,0.0,0.0,0.0,6,25,2,2
Liberia,2015-06-16,10666.0,4806.0,0.0,0.0,0,0.0,0.0,0.0,0.0,0.0,0.0,6,25,2,2
Liberia,2015-06-17,10666.0,4806.0,0.0,0.0,0,0.0,0.0,0.0,0.0,0.0,0.0,6,25,2,2
Liberia,2015-06-18,10666.0,4806.0,0.0,0.0,0,0.0,0.0,0.0,0.0,0.0,0.0,6,25,2,2
Liberia,2015-06-19,10666.0,4806.0,0.0,0.0,0,0.0,0.0,0.0,0.0,0.0,0.0,6,25,2,2
Liberia,2015-06-22,10666.0,4806.0,0.0,0.0,0,0.0,0.0,0.0,0.0,0.0,0.0,6,26,2,2
Liberia,2015-06-23,10666.0,4806.0,0.0,0.0,0,0.0,0.0,0.0,0.0,0.0,0.0,6,26,2,2
Liberia,2015-06-24,10666.0,4806.0,0.0,0.0,0,0.0,0.0,0.0,0.0,0.0,0.0,6,26,2,2
Liberia,2015-06-25,10666.0,4806.0,0.0,0.0,0,0.0,0.0,0.0,0.0,0.0,0.0,6,26,2,2
Liberia,2015-06-26,10666.0,4806.0,0.0,0.0,0,0.0,0.0,0.0,0.0,0.0,0.0,6,26,2,2
Liberia,2015-06-29,10666.0,4806.0,0.0,0.0,0,0.0,0.0,0.0,0.0,0.0,0.0,6,27,2,2
Liberia,2015-06-30,10666.0,4806.0,0.0,0.0,0,0.0,0.0,0.0,0.0,0.0,0.0,6,27,2,2
Liberia,2015-07-01,10666.0,4806.0,0.0,0.0,0,0.0,0.0,0.0,0.0,0.0,0.0,7,27,2,2
Liberia,2015-07-02,10666.0,4806.0,0.0,0.0,0,0.0,0.0,0.0,0.0,0.0,0.0,7,27,2,2
Liberia,2015-07-03,10666.0,4806.0,0.0,0.0,0,0.0,0.0,0.0,0.0,0.0,0.0,7,27,2,2
Liberia,2015-07-03,40.0,5.0,0.0,0.0,0,0.0,0.0,0.0,0.0,0.0,0.0,7,27,2,2
Liberia,2015-07-06,4.0,1.0,0.0,0.0,0,0.0,0.0,0.0,0.0,0.0,0.0,7,28,2,2
Liberia,2015-07-06,10666.0,4806.0,10662.0,2665.5,1,0.0,0.0,0.0,10662.0,5331.0,10.0,7,28,2,2
Liberia,2015-07-07,4.0,1.0,0.0,2665.5,0,10662.0,0.0,0.0,10662.0,5331.0,-1.0,7,28,2,2
Liberia,2015-07-07,10666.0,4806.0,10662.0,5331.0,0,0.0,10662.0,0.0,10662.0,6155.7085700997895,10.0,7,28,2,2
Liberia,2015-07-08,4.0,1.0,0.0,5331.0,0,10662.0,0.0,10662.0,10662.0,6155.7085700997895,-1.0,7,28,2,2
Liberia,2015-07-08,10666.0,4806.0,10662.0,5331.0,0,0.0,10662.0,0.0,10662.0,6155.7085700997895,10.0,7,28,2,2
Liberia,2015-07-09,10666.0,4806.0,0.0,5331.0,0,10662.0,0.0,10662.0,10662.0,6155.7085700997895,-1.0,7,28,2,2
Liberia,2015-07-09,6.0,1.0,0.0,2665.5,0,0.0,10662.0,0.0,10662.0,5331.0,0.0,7,28,2,2
Liberia,2015-07-10,6.0,1.0,0.0,2665.5,0,0.0,0.0,10662.0,10662.0,5331.0,0.0,7,28,2,2
Liberia,2015-07-10,10666.0,4806.0,10660.0,2665.0,1,0.0,0.0,0.0,10660.0,5330.0,10.0,7,28,2,2
Liberia,2015-07-13,10666.0,4806.0,0.0,2665.0,0,10660.0,0.0,0.0,10660.0,5330.0,-1.0,7,29,2,2
Liberia,2015-07-13,6.0,1.0,0.0,2665.0,0,0.0,10660.0,0.0,10660.0,5330.0,0.0,7,29,2,2
Liberia,2015-07-14,7.0,2.0,1.0,2665.25,0,0.0,0.0,10660.0,10660.0,5329.833354180348,10.0,7,29,2,2
Liberia,2015-07-14,10666.0,4806.0,10659.0,2665.0,1,1.0,0.0,0.0,10659.0,5329.333354182303,10.0,7,29,2,2
Liberia,2015-07-15,10666.0,4806.0,0.0,2665.0,0,10659.0,1.0,0.0,10659.0,5329.333354182303,-1.0,7,29,2,2
Liberia,2015-07-15,7.0,2.0,0.0,2665.0,0,0.0,10659.0,1.0,10659.0,5329.333354182303,0.0,7,29,2,2
Liberia,2015-07-16,10666.0,4806.0,10659.0,5329.5,0,0.0,0.0,10659.0,10659.0,6153.976519292221,10.0,7,29,2,2
Liberia,2015-07-16,6.0,2.0,0.0,2664.75,0,10659.0,0.0,0.0,10659.0,5329.5,-1.0,7,29,2,2
Liberia,2015-07-17,10666.0,4806.0,10660.0,5329.75,1,0.0,10659.0,0.0,10660.0,6154.265207967561,10.0,7,29,2,2
Liberia,2015-07-17,7.0,2.0,0.0,5329.75,0,10660.0,0.0,10659.0,10660.0,6154.265207967561,-1.0,7,29,2,2
Liberia,2015-07-20,10666.0,4806.0,10659.0,5329.75,0,0.0,10660.0,0.0,10660.0,6154.265207967561,10.0,7,30,2,2
Liberia,2015-07-20,7.0,2.0,0.0,5329.75,0,10659.0,0.0,10660.0,10660.0,6154.265207967561,-1.0,7,30,2,2
Liberia,2015-07-21,7.0,2.0,0.0,2664.75,0,0.0,10659.0,0.0,10659.0,5329.5,0.0,7,30,2,2
Liberia,2015-07-21,10666.0,4806.0,10659.0,5329.5,0,0.0,0.0,10659.0,10659.0,6153.976519292221,10.0,7,30,2,2
Liberia,2015-07-22,6.0,2.0,0.0,2664.75,0,10659.0,0.0,0.0,10659.0,5329.5,-1.0,7,30,2,2
Liberia,2015-07-22,10666.0,4806.0,10660.0,5329.75,1,0.0,10659.0,0.0,10660.0,6154.265207967561,10.0,7,30,2,2
Liberia,2015-07-23,10666.0,4806.0,0.0,5329.75,0,10660.0,0.0,10659.0,10660.0,6154.265207967561,-1.0,7,30,2,2
Liberia,2015-07-23,7.0,2.0,0.0,2665.0,0,0.0,10660.0,0.0,10660.0,5330.0,0.0,7,30,2,2
Liberia,2015-07-24,7.0,2.0,0.0,2665.0,0,0.0,0.0,10660.0,10660.0,5330.0,0.0,7,30,2,2
Liberia,2015-07-24,10666.0,4806.0,10659.0,2664.75,1,0.0,0.0,0.0,10659.0,5329.5,10.0,7,30,2,2
Liberia,2015-07-27,10666.0,4806.0,0.0,2664.75,0,10659.0,0.0,0.0,10659.0,5329.5,-1.0,7,31,2,2
Liberia,2015-07-27,7.0,2.0,0.0,2664.75,0,0.0,10659.0,0.0,10659.0,5329.5,0.0,7,31,2,2
Liberia,2015-07-28,10666.0,4806.0,10659.0,5329.5,0,0.0,0.0,10659.0,10659.0,6153.9765192922205,10.0,7,31,2,2
Liberia,2015-07-28,7.0,2.0,0.0,2664.75,0,10659.0,0.0,0.0,10659.0,5329.5,-1.0,7,31,2,2
Liberia,2015-07-29,10666.0,4806.0,10659.0,5329.5,0,0.0,10659.0,0.0,10659.0,6153.9765192922205,10.0,7,31,2,2
Liberia,2015-07-29,6.0,2.0,0.0,5329.5,0,10659.0,0.0,10659.0,10659.0,6153.9765192922205,-1.0,7,31,2,2
Liberia,2015-07-30,6.0,2.0,0.0,2664.75,0,0.0,10659.0,0.0,10659.0,5329.5,0.0,7,31,2,2
Liberia,2015-07-30,10666.0,4806.0,10660.0,5329.75,1,0.0,0.0,10659.0,10660.0,6154.26520796756,10.0,7,31,2,2
Liberia,2015-07-31,6.0,2.0,0.0,2665.0,0,10660.0,0.0,0.0,10660.0,5330.0,-1.0,7,31,2,2
Liberia,2015-07-31,10666.0,4806.0,10660.0,5330.0,0,0.0,10660.0,0.0,10660.0,6154.5538695614105,10.0,7,31,2,2
Liberia,2015-08-03,6.0,2.0,0.0,5330.0,0,10660.0,0.0,10660.0,10660.0,6154.5538695614105,-1.0,8,32,2,2
Liberia,2015-08-03,10666.0,4806.0,10660.0,5330.0,0,0.0,10660.0,0.0,10660.0,6154.5538695614105,10.0,8,32,2,2
Liberia,2015-08-04,10666.0,4806.0,0.0,5330.0,0,10660.0,0.0,10660.0,10660.0,6154.5538695614105,-1.0,8,32,2,2
Liberia,2015-08-04,6.0,2.0,0.0,2665.0,0,0.0,10660.0,0.0,10660.0,5330.0,0.0,8,32,2,2
Liberia,2015-08-05,10666.0,4806.0,10660.0,5330.0,0,0.0,0.0,10660.0,10660.0,6154.5538695614105,10.0,8,32,2,2
Liberia,2015-08-05,6.0,2.0,0.0,2665.0,0,10660.0,0.0,0.0,10660.0,5330.0,-1.0,8,32,2,2
Liberia,2015-08-06,10666.0,4806.0,10660.0,5330.0,0,0.0,10660.0,0.0,10660.0,6154.5538695614105,10.0,8,32,2,2
Liberia,2015-08-06,6.0,2.0,0.0,5330.0,0,10660.0,0.0,10660.0,10660.0,6154.5538695614105,-1.0,8,32,2,2
Liberia,2015-08-07,6.0,2.0,0.0,2665.0,0,0.0,10660.0,0.0,10660.0,5330.0,0.0,8,32,2,2
Liberia,2015-08-07,10666.0,4806.0,10660.0,5330.0,0,0.0,0.0,10660.0,10660.0,6154.5538695614105,10.0,8,32,2,2
Liberia,2015-08-10,6.0,2.0,0.0,2665.0,0,10660.0,0.0,0.0,10660.0,5330.0,-1.0,8,33,2,2
Liberia,2015-08-10,10666.0,4806.0,10660.0,5330.0,0,0.0,10660.0,0.0,10660.0,6154.5538695614105,10.0,8,33,2,2
Liberia,2015-08-11,6.0,2.0,0.0,5330.0,0,10660.0,0.0,10660.0,10660.0,6154.5538695614105,-1.0,8,33,2,2
Liberia,2015-08-11,10666.0,4806.0,10660.0,5330.0,0,0.0,10660.0,0.0,10660.0,6154.5538695614105,10.0,8,33,2,2
Liberia,2015-08-12,6.0,2.0,0.0,5330.0,0,10660.0,0.0,10660.0,10660.0,6154.5538695614105,-1.0,8,33,2,2
Liberia,2015-08-12,10666.0,4806.0,10660.0,5330.0,0,0.0,10660.0,0.0,10660.0,6154.5538695614105,10.0,8,33,2,2
Liberia,2015-08-13,6.0,2.0,0.0,5330.0,0,10660.0,0.0,10660.0,10660.0,6154.5538695614105,-1.0,8,33,2,2
Liberia,2015-08-13,10666.0,4806.0,10660.0,5330.0,0,0.0,10660.0,0.0,10660.0,6154.5538695614105,10.0,8,33,2,2
Liberia,2015-08-14,6.0,2.0,0.0,5330.0,0,10660.0,0.0,10660.0,10660.0,6154.5538695614105,-1.0,8,33,2,2
Liberia,2015-08-14,10666.0,4806.0,10660.0,5330.0,0,0.0,10660.0,0.0,10660.0,6154.5538695614105,10.0,8,33,2,2
Liberia,2015-08-17,6.0,2.0,0.0,5330.0,0,10660.0,0.0,10660.0,10660.0,6154.5538695614105,-1.0,8,34,2,2
Liberia,2015-08-17,10666.0,4806.0,10660.0,5330.0,0,0.0,10660.0,0.0,10660.0,6154.5538695614105,10.0,8,34,2,2
Liberia,2015-08-18,10666.0,4806.0,0.0,5330.0,0,10660.0,0.0,10660.0,10660.0,6154.5538695614105,-1.0,8,34,2,2
Liberia,2015-08-18,6.0,2.0,0.0,2665.0,0,0.0,10660.0,0.0,10660.0,5330.0,0.0,8,34,2,2
Liberia,2015-08-19,6.0,2.0,0.0,2665.0,0,0.0,0.0,10660.0,10660.0,5330.0,0.0,8,34,2,2
Liberia,2015-08-19,10666.0,4806.0,10660.0,2665.0,1,0.0,0.0,0.0,10660.0,5330.0,10.0,8,34,2,2
Liberia,2015-08-20,10666.0,4806.0,0.0,2665.0,0,10660.0,0.0,0.0,10660.0,5330.0,-1.0,8,34,2,2
Liberia,2015-08-20,6.0,2.0,0.0,2665.0,0,0.0,10660.0,0.0,10660.0,5330.0,0.0,8,34,2,2
Liberia,2015-08-21,6.0,2.0,0.0,2665.0,0,0.0,0.0,10660.0,10660.0,5330.0,0.0,8,34,2,2
Liberia,2015-08-21,10666.0,4806.0,10660.0,2665.0,1,0.0,0.0,0.0,10660.0,5330.0,10.0,8,34,2,2
Liberia,2015-08-24,6.0,2.0,0.0,2665.0,0,10660.0,0.0,0.0,10660.0,5330.0,-1.0,8,35,2,2
Liberia,2015-08-24,10666.0,4806.0,10660.0,5330.0,0,0.0,10660.0,0.0,10660.0,6154.5538695614105,10.0,8,35,2,2
Liberia,2015-08-25,10666.0,4806.0,0.0,5330.0,0,10660.0,0.0,10660.0,10660.0,6154.5538695614105,-1.0,8,35,2,2
Liberia,2015-08-25,6.0,2.0,0.0,2665.0,0,0.0,10660.0,0.0,10660.0,5330.0,0.0,8,35,2,2
Liberia,2015-08-26,6.0,2.0,0.0,2665.0,0,0.0,0.0,10660.0,10660.0,5330.0,0.0,8,35,2,2
Liberia,2015-08-26,10666.0,4806.0,10660.0,2665.0,1,0.0,0.0,0.0,10660.0,5330.0,10.0,8,35,2,2
Liberia,2015-08-27,6.0,2.0,0.0,2665.0,0,10660.0,0.0,0.0,10660.0,5330.0,-1.0,8,35,2,2
Liberia,2015-08-27,10666.0,4806.0,10660.0,5330.0,0,0.0,10660.0,0.0,10660.0,6154.5538695614105,10.0,8,35,2,2
Liberia,2015-08-28,10666.0,4806.0,0.0,5330.0,0,10660.0,0.0,10660.0,10660.0,6154.5538695614105,-1.0,8,35,2,2
Liberia,2015-08-28,6.0,2.0,0.0,2665.0,0,0.0,10660.0,0.0,10660.0,5330.0,0.0,8,35,2,2
Liberia,2015-08-31,6.0,2.0,0.0,2665.0,0,0.0,0.0,10660.0,10660.0,5330.0,0.0,8,36,2,2
Liberia,2015-08-31,10666.0,4806.0,10660.0,2665.0,1,0.0,0.0,0.0,10660.0,5330.0,10.0,8,36,2,2
Liberia,2015-09-01,10666.0,4806.0,0.0,2665.0,0,10660.0,0.0,0.0,10660.0,5330.0,-1.0,9,36,3,2
Liberia,2015-09-01,6.0,2.0,0.0,2665.0,0,0.0,10660.0,0.0,10660.0,5330.0,0.0,9,36,3,2
Liberia,2015-09-02,10666.0,4806.0,10660.0,5330.0,0,0.0,0.0,10660.0,10660.0,6154.5538695614105,10.0,9,36,3,2
Liberia,2015-09-02,6.0,2.0,0.0,2665.0,0,10660.0,0.0,0.0,10660.0,5330.0,-1.0,9,36,3,2
Liberia,2015-09-03,10666.0,4806.0,10660.0,5330.0,0,0.0,10660.0,0.0,10660.0,6154.5538695614105,10.0,9,36,3,2
Liberia,2015-09-03,6.0,2.0,0.0,5330.0,0,10660.0,0.0,10660.0,10660.0,6154.5538695614105,-1.0,9,36,3,2
Liberia,2015-09-04,10666.0,4806.0,10660.0,5330.0,0,0.0,10660.0,0.0,10660.0,6154.5538695614105,10.0,9,36,3,2
Liberia,2015-09-04,6.0,2.0,0.0,5330.0,0,10660.0,0.0,10660.0,10660.0,6154.5538695614105,-1.0,9,36,3,2
Liberia,2015-09-07,6.0,2.0,0.0,2665.0,0,0.0,10660.0,0.0,10660.0,5330.0,0.0,9,37,3,2
Liberia,2015-09-07,10666.0,4806.0,10660.0,5330.0,0,0.0,0.0,10660.0,10660.0,6154.5538695614105,10.0,9,37,3,2
Liberia,2015-09-08,6.0,2.0,0.0,2665.0,0,10660.0,0.0,0.0,10660.0,5330.0,-1.0,9,37,3,2
Liberia,2015-09-08,10666.0,4806.0,10660.0,5330.0,0,0.0,10660.0,0.0,10660.0,6154.5538695614105,10.0,9,37,3,2
Liberia,2015-09-09,10666.0,4806.0,0.0,5330.0,0,10660.0,0.0,10660.0,10660.0,6154.5538695614105,-1.0,9,37,3,2
Liberia,2015-09-09,6.0,2.0,0.0,2665.0,0,0.0,10660.0,0.0,10660.0,5330.0,0.0,9,37,3,2
Liberia,2015-09-10,6.0,2.0,0.0,2665.0,0,0.0,0.0,10660.0,10660.0,5330.0,0.0,9,37,3,2
Liberia,2015-09-10,10666.0,4806.0,10660.0,2665.0,1,0.0,0.0,0.0,10660.0,5330.0,10.0,9,37,3,2
Liberia,2015-09-11,10666.0,4806.0,0.0,2665.0,0,10660.0,0.0,0.0,10660.0,5330.0,-1.0,9,37,3,2
Liberia,2015-09-11,6.0,2.0,0.0,2665.0,0,0.0,10660.0,0.0,10660.0,5330.0,0.0,9,37,3,2
Liberia,2015-09-14,6.0,2.0,0.0,2665.0,0,0.0,0.0,10660.0,10660.0,5330.0,0.0,9,38,3,2
Liberia,2015-09-14,10666.0,4806.0,10660.0,2665.0,1,0.0,0.0,0.0,10660.0,5330.0,10.0,9,38,3,2
Liberia,2015-09-15,10666.0,4806.0,0.0,2665.0,0,10660.0,0.0,0.0,10660.0,5330.0,-1.0,9,38,3,2
Liberia,2015-09-15,6.0,2.0,0.0,2665.0,0,0.0,10660.0,0.0,10660.0,5330.0,0.0,9,38,3,2
Liberia,2015-09-16,10666.0,4806.0,10660.0,5330.0,0,0.0,0.0,10660.0,10660.0,6154.5538695614105,10.0,9,38,3,2
Liberia,2015-09-16,6.0,2.0,0.0,2665.0,0,10660.0,0.0,0.0,10660.0,5330.0,-1.0,9,38,3,2
Liberia,2015-09-17,6.0,2.0,0.0,2665.0,0,0.0,10660.0,0.0,10660.0,5330.0,0.0,9,38,3,2
Liberia,2015-09-17,10666.0,4806.0,10660.0,5330.0,0,0.0,0.0,10660.0,10660.0,6154.5538695614105,10.0,9,38,3,2
Liberia,2015-09-18,6.0,2.0,0.0,2665.0,0,10660.0,0.0,0.0,10660.0,5330.0,-1.0,9,38,3,2
Liberia,2015-09-18,10666.0,4806.0,10660.0,5330.0,0,0.0,10660.0,0.0,10660.0,6154.5538695614105,10.0,9,38,3,2
Liberia,2015-09-21,10666.0,4806.0,0.0,5330.0,0,10660.0,0.0,10660.0,10660.0,6154.5538695614105,-1.0,9,39,3,2
Liberia,2015-09-21,6.0,2.0,0.0,2665.0,0,0.0,10660.0,0.0,10660.0,5330.0,0.0,9,39,3,2
Liberia,2015-09-22,6.0,2.0,0.0,2665.0,0,0.0,0.0,10660.0,10660.0,5330.0,0.0,9,39,3,2
Liberia,2015-09-22,10666.0,4806.0,10660.0,2665.0,1,0.0,0.0,0.0,10660.0,5330.0,10.0,9,39,3,2
Liberia,2015-09-23,6.0,2.0,0.0,2665.0,0,10660.0,0.0,0.0,10660.0,5330.0,-1.0,9,39,3,2
Liberia,2015-09-23,10666.0,4806.0,10660.0,5330.0,0,0.0,10660.0,0.0,10660.0,6154.5538695614105,10.0,9,39,3,2
Liberia,2015-09-24,6.0,2.0,0.0,5330.0,0,10660.0,0.0,10660.0,10660.0,6154.5538695614105,-1.0,9,39,3,2
Liberia,2015-09-24,10666.0,4806.0,10660.0,5330.0,0,0.0,10660.0,0.0,10660.0,6154.5538695614105,10.0,9,39,3,2
Liberia,2015-09-25,10666.0,4806.0,0.0,5330.0,0,10660.0,0.0,10660.0,10660.0,6154.5538695614105,-1.0,9,39,3,2
Liberia,2015-09-25,6.0,2.0,0.0,2665.0,0,0.0,10660.0,0.0,10660.0,5330.0,0.0,9,39,3,2
Liberia,2015-09-28,10666.0,4806.0,10660.0,5330.0,0,0.0,0.0,10660.0,10660.0,6154.5538695614105,10.0,9,40,3,2
Liberia,2015-09-28,6.0,2.0,0.0,2665.0,0,10660.0,0.0,0.0,10660.0,5330.0,-1.0,9,40,3,2
Liberia,2015-09-29,6.0,2.0,0.0,2665.0,0,0.0,10660.0,0.0,10660.0,5330.0,0.0,9,40,3,2
Liberia,2015-09-29,10666.0,4806.0,10660.0,5330.0,0,0.0,0.0,10660.0,10660.0,6154.5538695614105,10.0,9,40,3,2
Liberia,2015-09-30,10666.0,4806.0,0.0,2665.0,0,10660.0,0.0,0.0,10660.0,5330.0,-1.0,9,40,3,2
Liberia,2015-09-30,6.0,2.0,0.0,2665.0,0,0.0,10660.0,0.0,10660.0,5330.0,0.0,9,40,3,2
Liberia,2015-10-01,10666.0,4806.0,10660.0,5330.0,0,0.0,0.0,10660.0,10660.0,6154.5538695614105,10.0,10,40,3,2
Liberia,2015-10-01,6.0,2.0,0.0,2665.0,0,10660.0,0.0,0.0,10660.0,5330.0,-1.0,10,40,3,2
Liberia,2015-10-02,10666.0,4806.0,10660.0,5330.0,0,0.0,10660.0,0.0,10660.0,6154.5538695614105,10.0,10,40,3,2
Liberia,2015-10-02,6.0,2.0,0.0,5330.0,0,10660.0,0.0,10660.0,10660.0,6154.5538695614105,-1.0,10,40,3,2
Liberia,2015-10-05,10666.0,4806.0,10660.0,5330.0,0,0.0,10660.0,0.0,10660.0,6154.5538695614105,10.0,10,41,3,2
Liberia,2015-10-05,6.0,2.0,0.0,5330.0,0,10660.0,0.0,10660.0,10660.0,6154.5538695614105,-1.0,10,41,3,2
Liberia,2015-10-06,6.0,2.0,0.0,2665.0,0,0.0,10660.0,0.0,10660.0,5330.0,0.0,10,41,3,2
Liberia,2015-10-06,10666.0,4806.0,10660.0,5330.0,0,0.0,0.0,10660.0,10660.0,6154.5538695614105,10.0,10,41,3,2
Liberia,2015-10-07,6.0,2.0,0.0,2665.0,0,10660.0,0.0,0.0,10660.0,5330.0,-1.0,10,41,3,2
Liberia,2015-10-07,10666.0,4806.0,10660.0,5330.0,0,0.0,10660.0,0.0,10660.0,6154.5538695614105,10.0,10,41,3,2
Liberia,2015-10-08,6.0,2.0,0.0,5330.0,0,10660.0,0.0,10660.0,10660.0,6154.5538695614105,-1.0,10,41,3,2
Liberia,2015-10-08,10666.0,4806.0,10660.0,5330.0,0,0.0,10660.0,0.0,10660.0,6154.5538695614105,10.0,10,41,3,2
Liberia,2015-10-09,6.0,2.0,0.0,5330.0,0,10660.0,0.0,10660.0,10660.0,6154.5538695614105,-1.0,10,41,3,2
Liberia,2015-10-09,10666.0,4806.0,10660.0,5330.0,0,0.0,10660.0,0.0,10660.0,6154.5538695614105,10.0,10,41,3,2
Liberia,2015-10-13,10666.0,4806.0,0.0,5330.0,0,10660.0,0.0,10660.0,10660.0,6154.5538695614105,-1.0,10,42,3,2
Liberia,2015-10-13,6.0,2.0,0.0,2665.0,0,0.0,10660.0,0.0,10660.0,5330.0,0.0,10,42,3,2
Liberia,2015-10-15,10666.0,4806.0,10660.0,5330.0,0,0.0,0.0,10660.0,10660.0,6154.5538695614105,10.0,10,42,3,2
Liberia,2015-10-15,6.0,2.0,0.0,2665.0,0,10660.0,0.0,0.0,10660.0,5330.0,-1.0,10,42,3,2
Liberia,2015-10-16,10666.0,4806.0,10660.0,5330.0,0,0.0,10660.0,0.0,10660.0,6154.5538695614105,10.0,10,42,3,2
Liberia,2015-10-16,6.0,2.0,0.0,5330.0,0,10660.0,0.0,10660.0,10660.0,6154.5538695614105,-1.0,10,42,3,2
Liberia,2015-10-20,6.0,2.0,0.0,2665.0,0,0.0,10660.0,0.0,10660.0,5330.0,0.0,10,43,3,2
Liberia,2015-10-20,10666.0,4806.0,10660.0,5330.0,0,0.0,0.0,10660.0,10660.0,6154.5538695614105,10.0,10,43,3,2
Liberia,2015-10-22,6.0,2.0,0.0,2665.0,0,10660.0,0.0,0.0,10660.0,5330.0,-1.0,10,43,3,2
Liberia,2015-10-22,10666.0,4806.0,10660.0,5330.0,0,0.0,10660.0,0.0,10660.0,6154.5538695614105,10.0,10,43,3,2
Liberia,2015-10-23,10666.0,4806.0,0.0,5330.0,0,10660.0,0.0,10660.0,10660.0,6154.5538695614105,-1.0,10,43,3,2
Liberia,2015-10-23,6.0,2.0,0.0,2665.0,0,0.0,10660.0,0.0,10660.0,5330.0,0.0,10,43,3,2
Liberia,2015-10-26,10666.0,4806.0,10660.0,5330.0,0,0.0,0.0,10660.0,10660.0,6154.5538695614105,10.0,10,44,3,2
Liberia,2015-10-26,6.0,2.0,0.0,2665.0,0,10660.0,0.0,0.0,10660.0,5330.0,-1.0,10,44,3,2
Liberia,2015-10-27,6.0,2.0,0.0,2665.0,0,0.0,10660.0,0.0,10660.0,5330.0,0.0,10,44,3,2
Liberia,2015-10-27,10666.0,4806.0,10660.0,5330.0,0,0.0,0.0,10660.0,10660.0,6154.5538695614105,10.0,10,44,3,2
Liberia,2015-10-29,6.0,2.0,0.0,2665.0,0,10660.0,0.0,0.0,10660.0,5330.0,-1.0,10,44,3,2
Liberia,2015-10-29,10666.0,4806.0,10660.0,5330.0,0,0.0,10660.0,0.0,10660.0,6154.5538695614105,10.0,10,44,3,2
Liberia,2015-10-30,10666.0,4806.0,0.0,5330.0,0,10660.0,0.0,10660.0,10660.0,6154.5538695614105,-1.0,10,44,3,2
Liberia,2015-10-30,6.0,2.0,0.0,2665.0,0,0.0,10660.0,0.0,10660.0,5330.0,0.0,10,44,3,2
Liberia,2015-11-03,6.0,2.0,0.0,2665.0,0,0.0,0.0,10660.0,10660.0,5330.0,0.0,11,45,3,2
Liberia,2015-11-03,10666.0,4806.0,10660.0,2665.0,1,0.0,0.0,0.0,10660.0,5330.0,10.0,11,45,3,2
Liberia,2015-11-05,6.0,2.0,0.0,2665.0,0,10660.0,0.0,0.0,10660.0,5330.0,-1.0,11,45,3,2
Liberia,2015-11-05,10666.0,4806.0,10660.0,5330.0,0,0.0,10660.0,0.0,10660.0,6154.5538695614105,10.0,11,45,3,2
Liberia,2015-11-06,10666.0,4806.0,0.0,5330.0,0,10660.0,0.0,10660.0,10660.0,6154.5538695614105,-1.0,11,45,3,2
Liberia,2015-11-06,6.0,2.0,0.0,2665.0,0,0.0,10660.0,0.0,10660.0,5330.0,0.0,11,45,3,2
Liberia,2015-11-10,10666.0,4806.0,10660.0,5330.0,0,0.0,0.0,10660.0,10660.0,6154.5538695614105,10.0,11,46,3,2
Liberia,2015-11-10,6.0,2.0,0.0,2665.0,0,10660.0,0.0,0.0,10660.0,5330.0,-1.0,11,46,3,2
Liberia,2015-11-11,10666.0,4806.0,10660.0,5330.0,0,0.0,10660.0,0.0,10660.0,6154.5538695614105,10.0,11,46,3,2
Liberia,2015-11-11,6.0,2.0,0.0,5330.0,0,10660.0,0.0,10660.0,10660.0,6154.5538695614105,-1.0,11,46,3,2
Liberia,2015-11-12,10666.0,4806.0,10660.0,5330.0,0,0.0,10660.0,0.0,10660.0,6154.5538695614105,10.0,11,46,3,2
Liberia,2015-11-12,6.0,2.0,0.0,5330.0,0,10660.0,0.0,10660.0,10660.0,6154.5538695614105,-1.0,11,46,3,2
Liberia,2015-11-16,6.0,2.0,0.0,2665.0,0,0.0,10660.0,0.0,10660.0,5330.0,0.0,11,47,3,2
Liberia,2015-11-16,10666.0,4806.0,10660.0,5330.0,0,0.0,0.0,10660.0,10660.0,6154.5538695614105,10.0,11,47,3,2
Liberia,2015-11-17,6.0,2.0,0.0,2665.0,0,10660.0,0.0,0.0,10660.0,5330.0,-1.0,11,47,3,2
Liberia,2015-11-17,10666.0,4806.0,10660.0,5330.0,0,0.0,10660.0,0.0,10660.0,6154.5538695614105,10.0,11,47,3,2
Liberia,2015-11-20,10666.0,4806.0,0.0,5330.0,0,10660.0,0.0,10660.0,10660.0,6154.5538695614105,-1.0,11,47,3,2
Liberia,2015-11-20,6.0,2.0,0.0,2665.0,0,0.0,10660.0,0.0,10660.0,5330.0,0.0,11,47,3,2
Liberia,2015-11-24,6.0,2.0,0.0,2665.0,0,0.0,0.0,10660.0,10660.0,5330.0,0.0,11,48,3,2
Liberia,2015-11-24,10666.0,4806.0,10660.0,2665.0,1,0.0,0.0,0.0,10660.0,5330.0,10.0,11,48,3,2
Liberia,2015-11-26,9.0,2.0,0.0,2665.0,0,10660.0,0.0,0.0,10660.0,5330.0,-1.0,11,48,3,2
Liberia,2015-11-26,10666.0,4806.0,10657.0,5329.25,0,0.0,10660.0,0.0,10660.0,6153.68796603576,10.0,11,48,3,2
Liberia,2015-12-01,9.0,2.0,0.0,5329.25,0,10657.0,0.0,10660.0,10660.0,6153.687966035761,-1.0,12,49,0,2
Liberia,2015-12-01,10666.0,4806.0,10657.0,5328.5,0,0.0,10657.0,0.0,10657.0,6152.821818753842,10.0,12,49,0,2
Liberia,2015-12-02,10666.0,4806.0,0.0,5328.5,0,10657.0,0.0,10657.0,10657.0,6152.821818753842,-1.0,12,49,0,2
Liberia,2015-12-02,9.0,3.0,0.0,2664.25,0,0.0,10657.0,0.0,10657.0,5328.5,0.0,12,49,0,2
Liberia,2015-12-03,10666.0,4806.0,10657.0,5328.5,0,0.0,0.0,10657.0,10657.0,6152.821818753841,10.0,12,49,0,2
Liberia,2015-12-03,9.0,3.0,0.0,2664.25,0,10657.0,0.0,0.0,10657.0,5328.5,-1.0,12,49,0,2
Liberia,2015-12-09,10666.0,4806.0,10657.0,5328.5,0,0.0,10657.0,0.0,10657.0,6152.821818753841,10.0,12,50,0,2
Liberia,2015-12-09,9.0,3.0,0.0,5328.5,0,10657.0,0.0,10657.0,10657.0,6152.821818753842,-1.0,12,50,0,2
Liberia,2015-12-10,9.0,3.0,0.0,2664.25,0,0.0,10657.0,0.0,10657.0,5328.5,0.0,12,50,0,2
Liberia,2015-12-10,10666.0,4806.0,10657.0,5328.5,0,0.0,0.0,10657.0,10657.0,6152.821818753841,10.0,12,50,0,2
Liberia,2015-12-11,9.0,3.0,0.0,2664.25,0,10657.0,0.0,0.0,10657.0,5328.5,-1.0,12,50,0,2
Liberia,2015-12-11,10666.0,4806.0,10657.0,5328.5,0,0.0,10657.0,0.0,10657.0,6152.821818753841,10.0,12,50,0,2
Liberia,2015-12-15,9.0,3.0,0.0,5328.5,0,10657.0,0.0,10657.0,10657.0,6152.821818753842,-1.0,12,51,0,2
Liberia,2015-12-15,10666.0,4806.0,10657.0,5328.5,0,0.0,10657.0,0.0,10657.0,6152.821818753842,10.0,12,51,0,2
Liberia,2015-12-16,10666.0,4806.0,0.0,5328.5,0,10657.0,0.0,10657.0,10657.0,6152.821818753842,-1.0,12,51,0,2
Liberia,2015-12-16,9.0,3.0,0.0,2664.25,0,0.0,10657.0,0.0,10657.0,5328.5,0.0,12,51,0,2
Liberia,2015-12-17,9.0,3.0,0.0,2664.25,0,0.0,0.0,10657.0,10657.0,5328.5,0.0,12,51,0,2
Liberia,2015-12-17,10666.0,4806.0,10657.0,2664.25,1,0.0,0.0,0.0,10657.0,5328.5,10.0,12,51,0,2
Liberia,2015-12-22,9.0,3.0,0.0,2664.25,0,10657.0,0.0,0.0,10657.0,5328.5,-1.0,12,52,0,2
Liberia,2015-12-22,10666.0,4806.0,10657.0,5328.5,0,0.0,10657.0,0.0,10657.0,6152.821818753841,10.0,12,52,0,2
Liberia,2015-12-23,10666.0,4806.0,0.0,5328.5,0,10657.0,0.0,10657.0,10657.0,6152.821818753842,-1.0,12,52,0,2
Liberia,2015-12-23,9.0,3.0,0.0,2664.25,0,0.0,10657.0,0.0,10657.0,5328.5,0.0,12,52,0,2
Liberia,2015-12-29,10666.0,4806.0,10657.0,5328.5,0,0.0,0.0,10657.0,10657.0,6152.821818753841,10.0,12,53,0,2
Liberia,2015-12-29,9.0,3.0,0.0,2664.25,0,10657.0,0.0,0.0,10657.0,5328.5,-1.0,12,53,0,2
Liberia,2016-03-23,9.0,3.0,0.0,2664.25,0,0.0,10657.0,0.0,10657.0,5328.5,0.0,3,12,1,2
Liberia,2016-03-23,10666.0,4806.0,10657.0,5328.5,0,0.0,0.0,10657.0,10657.0,6152.821818753841,10.0,3,12,1,2
Liberia,2016-03-23,5.0,4.0,0.0,2664.25,0,10657.0,0.0,0.0,10657.0,5328.5,-1.0,3,12,1,2
Mali,2014-10-25,1.0,1.0,1.0,1.0,0,,,,1.0,0.0,0.0,10,43,3,3
Mali,2014-10-29,1.0,1.0,0.0,0.5,0,1.0,,,1.0,0.7071067811865476,-1.0,10,44,3,3
Mali,2014-10-31,1.0,1.0,0.0,0.3333333333333333,0,0.0,1.0,,1.0,0.5773502691896258,0.0,10,44,3,3
Mali,2014-11-05,1.0,1.0,0.0,0.25,0,0.0,0.0,1.0,1.0,0.5,0.0,11,45,3,3
Mali,2014-11-07,1.0,1.0,0.0,0.0,0,0.0,0.0,0.0,0.0,0.0,0.0,11,45,3,3
Mali,2014-11-12,4.0,4.0,3.0,0.75,0,0.0,0.0,0.0,3.0,1.5,10.0,11,46,3,3
Mali,2014-11-14,4.0,3.0,0.0,0.75,0,3.0,0.0,0.0,3.0,1.5,-1.0,11,46,3,3
Mali,2014-11-19,6.0,5.0,2.0,1.25,0,0.0,3.0,0.0,3.0,1.5,10.0,11,47,3,3
Mali,2014-11-21,6.0,6.0,0.0,1.25,0,2.0,0.0,3.0,3.0,1.5,-1.0,11,47,3,3
Mali,2014-11-26,8.0,6.0,2.0,1.0,0,0.0,2.0,0.0,2.0,1.1547005383792515,10.0,11,48,3,3
Mali,2014-12-01,8.0,6.0,0.0,1.0,0,2.0,0.0,2.0,2.0,1.1547005383792515,-1.0,12,49,0,3
Mali,2014-12-03,8.0,6.0,0.0,0.5,0,0.0,2.0,0.0,2.0,0.9999999999999999,0.0,12,49,0,3
Mali,2014-12-10,8.0,6.0,0.0,0.5,0,0.0,0.0,2.0,2.0,0.9999999999999999,0.0,12,50,0,3
Mali,2014-12-15,8.0,6.0,0.0,0.0,0,0.0,0.0,0.0,0.0,0.0,0.0,12,51,0,3
Mali,2014-12-17,8.0,6.0,0.0,0.0,0,0.0,0.0,0.0,0.0,0.0,0.0,12,51,0,3
Mali,2014-12-22,8.0,6.0,0.0,0.0,0,0.0,0.0,0.0,0.0,0.0,0.0,12,52,0,3
Mali,2014-12-23,8.0,6.0,0.0,0.0,0,0.0,0.0,0.0,0.0,0.0,0.0,12,52,0,3
Mali,2014-12-24,8.0,6.0,0.0,0.0,0,0.0,0.0,0.0,0.0,0.0,0.0,12,52,0,3
Mali,2014-12-26,8.0,6.0,0.0,0.0,0,0.0,0.0,0.0,0.0,0.0,0.0,12,52,0,3
Mali,2014-12-29,8.0,6.0,0.0,0.0,0,0.0,0.0,0.0,0.0,0.0,0.0,12,1,0,3
Mali,2014-12-30,8.0,6.0,0.0,0.0,0,0.0,0.0,0.0,0.0,0.0,0.0,12,1,0,3
Mali,2014-12-31,8.0,6.0,0.0,0.0,0,0.0,0.0,0.0,0.0,0.0,0.0,12,1,0,3
Mali,2015-01-02,8.0,6.0,0.0,0.0,0,0.0,0.0,0.0,0.0,0.0,0.0,1,1,0,3
Mali,2015-01-05,8.0,6.0,0.0,0.0,0,0.0,0.0,0.0,0.0,0.0,0.0,1,2,0,3
Mali,2015-01-06,8.0,6.0,0.0,0.0,0,0.0,0.0,0.0,0.0,0.0,0.0,1,2,0,3
Mali,2015-01-07,8.0,6.0,0.0,0.0,0,0.0,0.0,0.0,0.0,0.0,0.0,1,2,0,3
Mali,2015-01-08,0.0,6.0,0.0,0.0,0,0.0,0.0,0.0,0.0,0.0,0.0,1,2,0,3
Mali,2015-01-09,0.0,6.0,0.0,0.0,0,0.0,0.0,0.0,0.0,0.0,0.0,1,2,0,3
Mali,2015-01-12,0.0,6.0,0.0,0.0,0,0.0,0.0,0.0,0.0,0.0,0.0,1,3,0,3
Mali,2015-01-13,0.0,6.0,0.0,0.0,0,0.0,0.0,0.0,0.0,0.0,0.0,1,3,0,3
Mali,2015-01-14,8.0,6.0,8.0,2.0,0,0.0,0.0,0.0,8.0,4.0,10.0,1,3,0,3
Mali,2015-01-15,8.0,6.0,0.0,2.0,0,8.0,0.0,0.0,8.0,4.0,-1.0,1,3,0,3
Mali,2015-01-16,8.0,6.0,0.0,2.0,0,0.0,8.0,0.0,8.0,4.0,0.0,1,3,0,3
Mali,2015-01-19,8.0,6.0,0.0,2.0,0,0.0,0.0,8.0,8.0,4.0,0.0,1,4,0,3
Mali,2015-01-20,8.0,6.0,0.0,0.0,0,0.0,0.0,0.0,0.0,0.0,0.0,1,4,0,3
Mali,2015-01-21,8.0,6.0,0.0,0.0,0,0.0,0.0,0.0,0.0,0.0,0.0,1,4,0,3
Mali,2015-01-22,8.0,6.0,0.0,0.0,0,0.0,0.0,0.0,0.0,0.0,0.0,1,4,0,3
Mali,2015-01-23,8.0,6.0,0.0,0.0,0,0.0,0.0,0.0,0.0,0.0,0.0,1,4,0,3
Mali,2015-01-26,8.0,6.0,0.0,0.0,0,0.0,0.0,0.0,0.0,0.0,0.0,1,5,0,3
Mali,2015-01-27,8.0,6.0,0.0,0.0,0,0.0,0.0,0.0,0.0,0.0,0.0,1,5,0,3
Mali,2015-01-28,8.0,6.0,0.0,0.0,0,0.0,0.0,0.0,0.0,0.0,0.0,1,5,0,3
Mali,2015-01-29,8.0,6.0,0.0,0.0,0,0.0,0.0,0.0,0.0,0.0,0.0,1,5,0,3
Mali,2015-01-30,8.0,6.0,0.0,0.0,0,0.0,0.0,0.0,0.0,0.0,0.0,1,5,0,3
Mali,2015-02-02,8.0,6.0,0.0,0.0,0,0.0,0.0,0.0,0.0,0.0,0.0,2,6,0,3
Mali,2015-02-03,8.0,6.0,0.0,0.0,0,0.0,0.0,0.0,0.0,0.0,0.0,2,6,0,3
Mali,2015-02-04,8.0,6.0,0.0,0.0,0,0.0,0.0,0.0,0.0,0.0,0.0,2,6,0,3
Mali,2015-02-05,8.0,6.0,0.0,0.0,0,0.0,0.0,0.0,0.0,0.0,0.0,2,6,0,3
Mali,2015-02-06,8.0,6.0,0.0,0.0,0,0.0,0.0,0.0,0.0,0.0,0.0,2,6,0,3
Mali,2015-02-10,8.0,6.0,0.0,0.0,0,0.0,0.0,0.0,0.0,0.0,0.0,2,7,0,3
Mali,2015-02-11,8.0,6.0,0.0,0.0,0,0.0,0.0,0.0,0.0,0.0,0.0,2,7,0,3
Mali,2015-02-12,8.0,6.0,0.0,0.0,0,0.0,0.0,0.0,0.0,0.0,0.0,2,7,0,3
Mali,2015-02-13,8.0,6.0,0.0,0.0,0,0.0,0.0,0.0,0.0,0.0,0.0,2,7,0,3
Mali,2015-02-16,8.0,6.0,0.0,0.0,0,0.0,0.0,0.0,0.0,0.0,0.0,2,8,0,3
Mali,2015-02-17,8.0,6.0,0.0,0.0,0,0.0,0.0,0.0,0.0,0.0,0.0,2,8,0,3
Mali,2015-02-18,8.0,6.0,0.0,0.0,0,0.0,0.0,0.0,0.0,0.0,0.0,2,8,0,3
Mali,2015-02-19,8.0,6.0,0.0,0.0,0,0.0,0.0,0.0,0.0,0.0,0.0,2,8,0,3
Mali,2015-02-20,8.0,6.0,0.0,0.0,0,0.0,0.0,0.0,0.0,0.0,0.0,2,8,0,3
Mali,2015-02-23,8.0,6.0,0.0,0.0,0,0.0,0.0,0.0,0.0,0.0,0.0,2,9,0,3
Mali,2015-02-25,8.0,6.0,0.0,0.0,0,0.0,0.0,0.0,0.0,0.0,0.0,2,9,0,3
Mali,2015-02-26,8.0,6.0,0.0,0.0,0,0.0,0.0,0.0,0.0,0.0,0.0,2,9,0,3
Mali,2015-02-27,8.0,6.0,0.0,0.0,0,0.0,0.0,0.0,0.0,0.0,0.0,2,9,0,3
Mali,2015-03-02,8.0,6.0,0.0,0.0,0,0.0,0.0,0.0,0.0,0.0,0.0,3,10,1,3
Mali,2015-03-04,8.0,6.0,0.0,0.0,0,0.0,0.0,0.0,0.0,0.0,0.0,3,10,1,3
Mali,2015-03-05,8.0,6.0,0.0,0.0,0,0.0,0.0,0.0,0.0,0.0,0.0,3,10,1,3
Mali,2015-03-06,8.0,6.0,0.0,0.0,0,0.0,0.0,0.0,0.0,0.0,0.0,3,10,1,3
Mali,2015-03-10,8.0,6.0,0.0,0.0,0,0.0,0.0,0.0,0.0,0.0,0.0,3,11,1,3
Mali,2015-03-11,8.0,6.0,0.0,0.0,0,0.0,0.0,0.0,0.0,0.0,0.0,3,11,1,3
Mali,2015-03-12,8.0,6.0,0.0,0.0,0,0.0,0.0,0.0,0.0,0.0,0.0,3,11,1,3
Mali,2015-03-13,8.0,6.0,0.0,0.0,0,0.0,0.0,0.0,0.0,0.0,0.0,3,11,1,3
Mali,2015-03-16,8.0,6.0,0.0,0.0,0,0.0,0.0,0.0,0.0,0.0,0.0,3,12,1,3
Mali,2015-03-17,8.0,6.0,0.0,0.0,0,0.0,0.0,0.0,0.0,0.0,0.0,3,12,1,3
Mali,2015-03-18,8.0,6.0,0.0,0.0,0,0.0,0.0,0.0,0.0,0.0,0.0,3,12,1,3
Mali,2015-03-20,8.0,6.0,0.0,0.0,0,0.0,0.0,0.0,0.0,0.0,0.0,3,12,1,3
Mali,2015-03-23,8.0,6.0,0.0,0.0,0,0.0,0.0,0.0,0.0,0.0,0.0,3,13,1,3
Mali,2015-03-24,8.0,6.0,0.0,0.0,0,0.0,0.0,0.0,0.0,0.0,0.0,3,13,1,3
Mali,2015-03-25,8.0,6.0,0.0,0.0,0,0.0,0.0,0.0,0.0,0.0,0.0,3,13,1,3
Mali,2015-03-26,8.0,6.0,0.0,0.0,0,0.0,0.0,0.0,0.0,0.0,0.0,3,13,1,3
Mali,2015-03-27,8.0,6.0,0.0,0.0,0,0.0,0.0,0.0,0.0,0.0,0.0,3,13,1,3
Mali,2015-04-07,8.0,6.0,0.0,0.0,0,0.0,0.0,0.0,0.0,0.0,0.0,4,15,1,3
Mali,2015-04-09,8.0,6.0,0.0,0.0,0,0.0,0.0,0.0,0.0,0.0,0.0,4,15,1,3
Mali,2015-04-13,8.0,6.0,0.0,0.0,0,0.0,0.0,0.0,0.0,0.0,0.0,4,16,1,3
Mali,2015-04-14,8.0,6.0,0.0,0.0,0,0.0,0.0,0.0,0.0,0.0,0.0,4,16,1,3
Mali,2015-04-15,8.0,6.0,0.0,0.0,0,0.0,0.0,0.0,0.0,0.0,0.0,4,16,1,3
Mali,2015-04-16,8.0,6.0,0.0,0.0,0,0.0,0.0,0.0,0.0,0.0,0.0,4,16,1,3
Mali,2015-04-17,8.0,6.0,0.0,0.0,0,0.0,0.0,0.0,0.0,0.0,0.0,4,16,1,3
Mali,2015-04-20,8.0,6.0,0.0,0.0,0,0.0,0.0,0.0,0.0,0.0,0.0,4,17,1,3
Mali,2015-04-21,8.0,6.0,0.0,0.0,0,0.0,0.0,0.0,0.0,0.0,0.0,4,17,1,3
Mali,2015-04-22,8.0,6.0,0.0,0.0,0,0.0,0.0,0.0,0.0,0.0,0.0,4,17,1,3
Mali,2015-04-23,8.0,6.0,0.0,0.0,0,0.0,0.0,0.0,0.0,0.0,0.0,4,17,1,3
Mali,2015-04-24,8.0,6.0,0.0,0.0,0,0.0,0.0,0.0,0.0,0.0,0.0,4,17,1,3
Mali,2015-04-27,8.0,6.0,0.0,0.0,0,0.0,0.0,0.0,0.0,0.0,0.0,4,18,1,3
Mali,2015-04-28,8.0,6.0,0.0,0.0,0,0.0,0.0,0.0,0.0,0.0,0.0,4,18,1,3
Mali,2015-04-30,8.0,6.0,0.0,0.0,0,0.0,0.0,0.0,0.0,0.0,0.0,4,18,1,3
Mali,2015-05-01,8.0,6.0,0.0,0.0,0,0.0,0.0,0.0,0.0,0.0,0.0,5,18,1,3
Mali,2015-05-04,8.0,6.0,0.0,0.0,0,0.0,0.0,0.0,0.0,0.0,0.0,5,19,1,3
Mali,2015-05-05,8.0,6.0,0.0,0.0,0,0.0,0.0,0.0,0.0,0.0,0.0,5,19,1,3
Mali,2015-05-06,8.0,6.0,0.0,0.0,0,0.0,0.0,0.0,0.0,0.0,0.0,5,19,1,3
Mali,2015-05-07,8.0,6.0,0.0,0.0,0,0.0,0.0,0.0,0.0,0.0,0.0,5,19,1,3
Mali,2015-05-08,8.0,6.0,0.0,0.0,0,0.0,0.0,0.0,0.0,0.0,0.0,5,19,1,3
Mali,2015-05-11,8.0,6.0,0.0,0.0,0,0.0,0.0,0.0,0.0,0.0,0.0,5,20,1,3
Mali,2015-05-12,8.0,6.0,0.0,0.0,0,0.0,0.0,0.0,0.0,0.0,0.0,5,20,1,3
Mali,2015-05-13,8.0,6.0,0.0,0.0,0,0.0,0.0,0.0,0.0,0.0,0.0,5,20,1,3
Mali,2015-05-14,8.0,6.0,0.0,0.0,0,0.0,0.0,0.0,0.0,0.0,0.0,5,20,1,3
Mali,2015-05-15,8.0,6.0,0.0,0.0,0,0.0,0.0,0.0,0.0,0.0,0.0,5,20,1,3
Mali,2015-05-18,8.0,6.0,0.0,0.0,0,0.0,0.0,0.0,0.0,0.0,0.0,5,21,1,3
Mali,2015-05-19,8.0,6.0,0.0,0.0,0,0.0,0.0,0.0,0.0,0.0,0.0,5,21,1,3
Mali,2015-05-20,8.0,6.0,0.0,0.0,0,0.0,0.0,0.0,0.0,0.0,0.0,5,21,1,3
Mali,2015-05-21,8.0,6.0,0.0,0.0,0,0.0,0.0,0.0,0.0,0.0,0.0,5,21,1,3
Mali,2015-05-22,8.0,6.0,0.0,0.0,0,0.0,0.0,0.0,0.0,0.0,0.0,5,21,1,3
Mali,2015-05-25,8.0,6.0,0.0,0.0,0,0.0,0.0,0.0,0.0,0.0,0.0,5,22,1,3
Mali,2015-05-26,8.0,6.0,0.0,0.0,0,0.0,0.0,0.0,0.0,0.0,0.0,5,22,1,3
Mali,2015-05-27,8.0,6.0,0.0,0.0,0,0.0,0.0,0.0,0.0,0.0,0.0,5,22,1,3
Mali,2015-05-28,8.0,6.0,0.0,0.0,0,0.0,0.0,0.0,0.0,0.0,0.0,5,22,1,3
Mali,2015-05-29,8.0,6.0,0.0,0.0,0,0.0,0.0,0.0,0.0,0.0,0.0,5,22,1,3
Mali,2015-06-01,8.0,6.0,0.0,0.0,0,0.0,0.0,0.0,0.0,0.0,0.0,6,23,2,3
Mali,2015-06-02,8.0,6.0,0.0,0.0,0,0.0,0.0,0.0,0.0,0.0,0.0,6,23,2,3
Mali,2015-06-03,8.0,6.0,0.0,0.0,0,0.0,0.0,0.0,0.0,0.0,0.0,6,23,2,3
Mali,2015-06-04,8.0,6.0,0.0,0.0,0,0.0,0.0,0.0,0.0,0.0,0.0,6,23,2,3
Mali,2015-06-05,8.0,6.0,0.0,0.0,0,0.0,0.0,0.0,0.0,0.0,0.0,6,23,2,3
Mali,2015-06-08,8.0,6.0,0.0,0.0,0,0.0,0.0,0.0,0.0,0.0,0.0,6,24,2,3
Mali,2015-06-09,8.0,6.0,0.0,0.0,0,0.0,0.0,0.0,0.0,0.0,0.0,6,24,2,3
Mali,2015-06-10,8.0,6.0,0.0,0.0,0,0.0,0.0,0.0,0.0,0.0,0.0,6,24,2,3
Mali,2015-06-11,8.0,6.0,0.0,0.0,0,0.0,0.0,0.0,0.0,0.0,0.0,6,24,2,3
Mali,2015-06-12,8.0,6.0,0.0,0.0,0,0.0,0.0,0.0,0.0,0.0,0.0,6,24,2,3
Mali,2015-06-15,8.0,6.0,0.0,0.0,0,0.0,0.0,0.0,0.0,0.0,0.0,6,25,2,3
Mali,2015-06-16,8.0,6.0,0.0,0.0,0,0.0,0.0,0.0,0.0,0.0,0.0,6,25,2,3
Mali,2015-06-17,8.0,6.0,0.0,0.0,0,0.0,0.0,0.0,0.0,0.0,0.0,6,25,2,3
Mali,2015-06-18,8.0,6.0,0.0,0.0,0,0.0,0.0,0.0,0.0,0.0,0.0,6,25,2,3
Mali,2015-06-19,8.0,6.0,0.0,0.0,0,0.0,0.0,0.0,0.0,0.0,0.0,6,25,2,3
Mali,2015-06-22,8.0,6.0,0.0,0.0,0,0.0,0.0,0.0,0.0,0.0,0.0,6,26,2,3
Mali,2015-06-23,8.0,6.0,0.0,0.0,0,0.0,0.0,0.0,0.0,0.0,0.0,6,26,2,3
Mali,2015-06-24,8.0,6.0,0.0,0.0,0,0.0,0.0,0.0,0.0,0.0,0.0,6,26,2,3
Mali,2015-06-25,8.0,6.0,0.0,0.0,0,0.0,0.0,0.0,0.0,0.0,0.0,6,26,2,3
Mali,2015-06-26,8.0,6.0,0.0,0.0,0,0.0,0.0,0.0,0.0,0.0,0.0,6,26,2,3
Mali,2015-06-29,8.0,6.0,0.0,0.0,0,0.0,0.0,0.0,0.0,0.0,0.0,6,27,2,3
Mali,2015-06-30,8.0,6.0,0.0,0.0,0,0.0,0.0,0.0,0.0,0.0,0.0,6,27,2,3
Mali,2015-07-01,8.0,6.0,0.0,0.0,0,0.0,0.0,0.0,0.0,0.0,0.0,7,27,2,3
Mali,2015-07-02,8.0,6.0,0.0,0.0,0,0.0,0.0,0.0,0.0,0.0,0.0,7,27,2,3
Mali,2015-07-03,8.0,6.0,0.0,0.0,0,0.0,0.0,0.0,0.0,0.0,0.0,7,27,2,3
Mali,2015-07-06,8.0,6.0,0.0,0.0,0,0.0,0.0,0.0,0.0,0.0,0.0,7,28,2,3
Mali,2015-07-07,8.0,6.0,0.0,0.0,0,0.0,0.0,0.0,0.0,0.0,0.0,7,28,2,3
Mali,2015-07-08,8.0,6.0,0.0,0.0,0,0.0,0.0,0.0,0.0,0.0,0.0,7,28,2,3
Mali,2015-07-09,8.0,6.0,0.0,0.0,0,0.0,0.0,0.0,0.0,0.0,0.0,7,28,2,3
Mali,2015-07-10,8.0,6.0,0.0,0.0,0,0.0,0.0,0.0,0.0,0.0,0.0,7,28,2,3
Mali,2015-07-13,8.0,6.0,0.0,0.0,0,0.0,0.0,0.0,0.0,0.0,0.0,7,29,2,3
Mali,2015-07-14,8.0,6.0,0.0,0.0,0,0.0,0.0,0.0,0.0,0.0,0.0,7,29,2,3
Mali,2015-07-15,8.0,6.0,0.0,0.0,0,0.0,0.0,0.0,0.0,0.0,0.0,7,29,2,3
Mali,2015-07-16,8.0,6.0,0.0,0.0,0,0.0,0.0,0.0,0.0,0.0,0.0,7,29,2,3
Mali,2015-07-17,8.0,6.0,0.0,0.0,0,0.0,0.0,0.0,0.0,0.0,0.0,7,29,2,3
Mali,2015-07-20,8.0,6.0,0.0,0.0,0,0.0,0.0,0.0,0.0,0.0,0.0,7,30,2,3
Mali,2015-07-21,8.0,6.0,0.0,0.0,0,0.0,0.0,0.0,0.0,0.0,0.0,7,30,2,3
Mali,2015-07-22,8.0,6.0,0.0,0.0,0,0.0,0.0,0.0,0.0,0.0,0.0,7,30,2,3
Mali,2015-07-23,8.0,6.0,0.0,0.0,0,0.0,0.0,0.0,0.0,0.0,0.0,7,30,2,3
Mali,2015-07-24,8.0,6.0,0.0,0.0,0,0.0,0.0,0.0,0.0,0.0,0.0,7,30,2,3
Mali,2015-07-27,8.0,6.0,0.0,0.0,0,0.0,0.0,0.0,0.0,0.0,0.0,7,31,2,3
Mali,2015-07-28,8.0,6.0,0.0,0.0,0,0.0,0.0,0.0,0.0,0.0,0.0,7,31,2,3
Mali,2015-07-29,8.0,6.0,0.0,0.0,0,0.0,0.0,0.0,0.0,0.0,0.0,7,31,2,3
Mali,2015-07-30,8.0,6.0,0.0,0.0,0,0.0,0.0,0.0,0.0,0.0,0.0,7,31,2,3
Mali,2015-07-31,8.0,6.0,0.0,0.0,0,0.0,0.0,0.0,0.0,0.0,0.0,7,31,2,3
Mali,2015-08-03,8.0,6.0,0.0,0.0,0,0.0,0.0,0.0,0.0,0.0,0.0,8,32,2,3
Mali,2015-08-04,8.0,6.0,0.0,0.0,0,0.0,0.0,0.0,0.0,0.0,0.0,8,32,2,3
Mali,2015-08-05,8.0,6.0,0.0,0.0,0,0.0,0.0,0.0,0.0,0.0,0.0,8,32,2,3
Mali,2015-08-06,8.0,6.0,0.0,0.0,0,0.0,0.0,0.0,0.0,0.0,0.0,8,32,2,3
Mali,2015-08-07,8.0,6.0,0.0,0.0,0,0.0,0.0,0.0,0.0,0.0,0.0,8,32,2,3
Mali,2015-08-10,8.0,6.0,0.0,0.0,0,0.0,0.0,0.0,0.0,0.0,0.0,8,33,2,3
Mali,2015-08-11,8.0,6.0,0.0,0.0,0,0.0,0.0,0.0,0.0,0.0,0.0,8,33,2,3
Mali,2015-08-12,8.0,6.0,0.0,0.0,0,0.0,0.0,0.0,0.0,0.0,0.0,8,33,2,3
Mali,2015-08-13,8.0,6.0,0.0,0.0,0,0.0,0.0,0.0,0.0,0.0,0.0,8,33,2,3
Mali,2015-08-14,8.0,6.0,0.0,0.0,0,0.0,0.0,0.0,0.0,0.0,0.0,8,33,2,3
Mali,2015-08-17,8.0,6.0,0.0,0.0,0,0.0,0.0,0.0,0.0,0.0,0.0,8,34,2,3
Mali,2015-08-18,8.0,6.0,0.0,0.0,0,0.0,0.0,0.0,0.0,0.0,0.0,8,34,2,3
Mali,2015-08-19,8.0,6.0,0.0,0.0,0,0.0,0.0,0.0,0.0,0.0,0.0,8,34,2,3
Mali,2015-08-20,8.0,6.0,0.0,0.0,0,0.0,0.0,0.0,0.0,0.0,0.0,8,34,2,3
Mali,2015-08-21,8.0,6.0,0.0,0.0,0,0.0,0.0,0.0,0.0,0.0,0.0,8,34,2,3
Mali,2015-08-24,8.0,6.0,0.0,0.0,0,0.0,0.0,0.0,0.0,0.0,0.0,8,35,2,3
Mali,2015-08-25,8.0,6.0,0.0,0.0,0,0.0,0.0,0.0,0.0,0.0,0.0,8,35,2,3
Mali,2015-08-26,8.0,6.0,0.0,0.0,0,0.0,0.0,0.0,0.0,0.0,0.0,8,35,2,3
Mali,2015-08-27,8.0,6.0,0.0,0.0,0,0.0,0.0,0.0,0.0,0.0,0.0,8,35,2,3
Mali,2015-08-28,8.0,6.0,0.0,0.0,0,0.0,0.0,0.0,0.0,0.0,0.0,8,35,2,3
Mali,2015-08-31,8.0,6.0,0.0,0.0,0,0.0,0.0,0.0,0.0,0.0,0.0,8,36,2,3
Mali,2015-09-01,8.0,6.0,0.0,0.0,0,0.0,0.0,0.0,0.0,0.0,0.0,9,36,3,3
Mali,2015-09-02,8.0,6.0,0.0,0.0,0,0.0,0.0,0.0,0.0,0.0,0.0,9,36,3,3
Mali,2015-09-03,8.0,6.0,0.0,0.0,0,0.0,0.0,0.0,0.0,0.0,0.0,9,36,3,3
Mali,2015-09-04,8.0,6.0,0.0,0.0,0,0.0,0.0,0.0,0.0,0.0,0.0,9,36,3,3
Mali,2015-09-07,8.0,6.0,0.0,0.0,0,0.0,0.0,0.0,0.0,0.0,0.0,9,37,3,3
Mali,2015-09-08,8.0,6.0,0.0,0.0,0,0.0,0.0,0.0,0.0,0.0,0.0,9,37,3,3
Mali,2015-09-09,8.0,6.0,0.0,0.0,0,0.0,0.0,0.0,0.0,0.0,0.0,9,37,3,3
Mali,2015-09-10,8.0,6.0,0.0,0.0,0,0.0,0.0,0.0,0.0,0.0,0.0,9,37,3,3
Mali,2015-09-11,8.0,6.0,0.0,0.0,0,0.0,0.0,0.0,0.0,0.0,0.0,9,37,3,3
Mali,2015-09-14,8.0,6.0,0.0,0.0,0,0.0,0.0,0.0,0.0,0.0,0.0,9,38,3,3
Mali,2015-09-15,8.0,6.0,0.0,0.0,0,0.0,0.0,0.0,0.0,0.0,0.0,9,38,3,3
Mali,2015-09-16,8.0,6.0,0.0,0.0,0,0.0,0.0,0.0,0.0,0.0,0.0,9,38,3,3
Mali,2015-09-17,8.0,6.0,0.0,0.0,0,0.0,0.0,0.0,0.0,0.0,0.0,9,38,3,3
Mali,2015-09-18,8.0,6.0,0.0,0.0,0,0.0,0.0,0.0,0.0,0.0,0.0,9,38,3,3
Mali,2015-09-21,8.0,6.0,0.0,0.0,0,0.0,0.0,0.0,0.0,0.0,0.0,9,39,3,3
Mali,2015-09-22,8.0,6.0,0.0,0.0,0,0.0,0.0,0.0,0.0,0.0,0.0,9,39,3,3
Mali,2015-09-23,8.0,6.0,0.0,0.0,0,0.0,0.0,0.0,0.0,0.0,0.0,9,39,3,3
Mali,2015-09-24,8.0,6.0,0.0,0.0,0,0.0,0.0,0.0,0.0,0.0,0.0,9,39,3,3
Mali,2015-09-25,8.0,6.0,0.0,0.0,0,0.0,0.0,0.0,0.0,0.0,0.0,9,39,3,3
Mali,2015-09-28,8.0,6.0,0.0,0.0,0,0.0,0.0,0.0,0.0,0.0,0.0,9,40,3,3
Mali,2015-09-29,8.0,6.0,0.0,0.0,0,0.0,0.0,0.0,0.0,0.0,0.0,9,40,3,3
Mali,2015-09-30,8.0,6.0,0.0,0.0,0,0.0,0.0,0.0,0.0,0.0,0.0,9,40,3,3
Mali,2015-10-01,8.0,6.0,0.0,0.0,0,0.0,0.0,0.0,0.0,0.0,0.0,10,40,3,3
Mali,2015-10-02,8.0,6.0,0.0,0.0,0,0.0,0.0,0.0,0.0,0.0,0.0,10,40,3,3
Mali,2015-10-05,8.0,6.0,0.0,0.0,0,0.0,0.0,0.0,0.0,0.0,0.0,10,41,3,3
Mali,2015-10-06,8.0,6.0,0.0,0.0,0,0.0,0.0,0.0,0.0,0.0,0.0,10,41,3,3
Mali,2015-10-07,8.0,6.0,0.0,0.0,0,0.0,0.0,0.0,0.0,0.0,0.0,10,41,3,3
Mali,2015-10-08,8.0,6.0,0.0,0.0,0,0.0,0.0,0.0,0.0,0.0,0.0,10,41,3,3
Mali,2015-10-09,8.0,6.0,0.0,0.0,0,0.0,0.0,0.0,0.0,0.0,0.0,10,41,3,3
Mali,2015-10-13,8.0,6.0,0.0,0.0,0,0.0,0.0,0.0,0.0,0.0,0.0,10,42,3,3
Mali,2015-10-15,8.0,6.0,0.0,0.0,0,0.0,0.0,0.0,0.0,0.0,0.0,10,42,3,3
Mali,2015-10-16,8.0,6.0,0.0,0.0,0,0.0,0.0,0.0,0.0,0.0,0.0,10,42,3,3
Mali,2015-10-20,8.0,6.0,0.0,0.0,0,0.0,0.0,0.0,0.0,0.0,0.0,10,43,3,3
Mali,2015-10-22,8.0,6.0,0.0,0.0,0,0.0,0.0,0.0,0.0,0.0,0.0,10,43,3,3
Mali,2015-10-23,8.0,6.0,0.0,0.0,0,0.0,0.0,0.0,0.0,0.0,0.0,10,43,3,3
Mali,2015-10-26,8.0,6.0,0.0,0.0,0,0.0,0.0,0.0,0.0,0.0,0.0,10,44,3,3
Mali,2015-10-27,8.0,6.0,0.0,0.0,0,0.0,0.0,0.0,0.0,0.0,0.0,10,44,3,3
Mali,2015-10-29,8.0,6.0,0.0,0.0,0,0.0,0.0,0.0,0.0,0.0,0.0,10,44,3,3
Mali,2015-10-30,8.0,6.0,0.0,0.0,0,0.0,0.0,0.0,0.0,0.0,0.0,10,44,3,3
Mali,2015-11-03,8.0,6.0,0.0,0.0,0,0.0,0.0,0.0,0.0,0.0,0.0,11,45,3,3
Mali,2015-11-05,8.0,6.0,0.0,0.0,0,0.0,0.0,0.0,0.0,0.0,0.0,11,45,3,3
Mali,2015-11-06,8.0,6.0,0.0,0.0,0,0.0,0.0,0.0,0.0,0.0,0.0,11,45,3,3
Mali,2015-11-10,8.0,6.0,0.0,0.0,0,0.0,0.0,0.0,0.0,0.0,0.0,11,46,3,3
Mali,2015-11-11,8.0,6.0,0.0,0.0,0,0.0,0.0,0.0,0.0,0.0,0.0,11,46,3,3
Mali,2015-11-12,8.0,6.0,0.0,0.0,0,0.0,0.0,0.0,0.0,0.0,0.0,11,46,3,3
Mali,2015-11-16,8.0,6.0,0.0,0.0,0,0.0,0.0,0.0,0.0,0.0,0.0,11,47,3,3
Mali,2015-11-17,8.0,6.0,0.0,0.0,0,0.0,0.0,0.0,0.0,0.0,0.0,11,47,3,3
Mali,2015-11-20,8.0,6.0,0.0,0.0,0,0.0,0.0,0.0,0.0,0.0,0.0,11,47,3,3
Mali,2015-11-24,8.0,6.0,0.0,0.0,0,0.0,0.0,0.0,0.0,0.0,0.0,11,48,3,3
Mali,2015-11-26,8.0,6.0,0.0,0.0,0,0.0,0.0,0.0,0.0,0.0,0.0,11,48,3,3
Mali,2015-12-01,8.0,6.0,0.0,0.0,0,0.0,0.0,0.0,0.0,0.0,0.0,12,49,0,3
Mali,2015-12-02,8.0,6.0,0.0,0.0,0,0.0,0.0,0.0,0.0,0.0,0.0,12,49,0,3
Mali,2015-12-03,8.0,6.0,0.0,0.0,0,0.0,0.0,0.0,0.0,0.0,0.0,12,49,0,3
Mali,2015-12-09,8.0,6.0,0.0,0.0,0,0.0,0.0,0.0,0.0,0.0,0.0,12,50,0,3
Mali,2015-12-10,8.0,6.0,0.0,0.0,0,0.0,0.0,0.0,0.0,0.0,0.0,12,50,0,3
Mali,2015-12-11,8.0,6.0,0.0,0.0,0,0.0,0.0,0.0,0.0,0.0,0.0,12,50,0,3
Mali,2015-12-15,8.0,6.0,0.0,0.0,0,0.0,0.0,0.0,0.0,0.0,0.0,12,51,0,3
Mali,2015-12-16,8.0,6.0,0.0,0.0,0,0.0,0.0,0.0,0.0,0.0,0.0,12,51,0,3
Mali,2015-12-17,8.0,6.0,0.0,0.0,0,0.0,0.0,0.0,0.0,0.0,0.0,12,51,0,3
Mali,2015-12-22,8.0,6.0,0.0,0.0,0,0.0,0.0,0.0,0.0,0.0,0.0,12,52,0,3
Mali,2015-12-23,8.0,6.0,0.0,0.0,0,0.0,0.0,0.0,0.0,0.0,0.0,12,52,0,3
Mali,2015-12-29,8.0,6.0,0.0,0.0,0,0.0,0.0,0.0,0.0,0.0,0.0,12,53,0,3
Mali,2016-03-23,8.0,6.0,0.0,0.0,0,0.0,0.0,0.0,0.0,0.0,0.0,3,12,1,3
Nigeria,2014-08-29,19.0,7.0,19.0,19.0,0,,,,19.0,0.0,0.0,8,35,2,4
Nigeria,2014-09-05,22.0,8.0,3.0,11.0,0,19.0,,,19.0,11.313708498984761,-0.8421052631578947,9,36,3,4
Nigeria,2014-09-08,21.0,8.0,0.0,7.333333333333333,0,3.0,19.0,,19.0,10.214368964029708,-1.0,9,37,3,4
Nigeria,2014-09-12,21.0,8.0,0.0,5.5,0,0.0,3.0,19.0,19.0,9.1104335791443,0.0,9,37,3,4
Nigeria,2014-09-16,21.0,8.0,0.0,0.75,0,0.0,0.0,3.0,3.0,1.500000000000003,0.0,9,38,3,4
Nigeria,2014-09-18,21.0,8.0,0.0,0.0,0,0.0,0.0,0.0,0.0,0.0,0.0,9,38,3,4
Nigeria,2014-09-22,20.0,8.0,0.0,0.0,0,0.0,0.0,0.0,0.0,0.0,0.0,9,39,3,4
Nigeria,2014-09-24,20.0,8.0,0.0,0.0,0,0.0,0.0,0.0,0.0,0.0,0.0,9,39,3,4
Nigeria,2014-09-26,20.0,8.0,0.0,0.0,0,0.0,0.0,0.0,0.0,0.0,0.0,9,39,3,4
Nigeria,2014-10-01,20.0,8.0,0.0,0.0,0,0.0,0.0,0.0,0.0,0.0,0.0,10,40,3,4
Nigeria,2014-10-03,20.0,8.0,0.0,0.0,0,0.0,0.0,0.0,0.0,0.0,0.0,10,40,3,4
Nigeria,2014-10-08,20.0,8.0,0.0,0.0,0,0.0,0.0,0.0,0.0,0.0,0.0,10,41,3,4
Nigeria,2014-10-10,20.0,8.0,0.0,0.0,0,0.0,0.0,0.0,0.0,0.0,0.0,10,41,3,4
Nigeria,2014-10-15,20.0,8.0,0.0,0.0,0,0.0,0.0,0.0,0.0,0.0,0.0,10,42,3,4
Nigeria,2014-10-17,20.0,8.0,0.0,0.0,0,0.0,0.0,0.0,0.0,0.0,0.0,10,42,3,4
Nigeria,2014-10-22,20.0,8.0,0.0,0.0,0,0.0,0.0,0.0,0.0,0.0,0.0,10,43,3,4
Nigeria,2014-10-25,20.0,8.0,0.0,0.0,0,0.0,0.0,0.0,0.0,0.0,0.0,10,43,3,4
Nigeria,2014-10-29,20.0,8.0,0.0,0.0,0,0.0,0.0,0.0,0.0,0.0,0.0,10,44,3,4
Nigeria,2014-10-31,20.0,8.0,0.0,0.0,0,0.0,0.0,0.0,0.0,0.0,0.0,10,44,3,4
Nigeria,2014-11-05,20.0,8.0,0.0,0.0,0,0.0,0.0,0.0,0.0,0.0,0.0,11,45,3,4
Nigeria,2014-11-07,20.0,8.0,0.0,0.0,0,0.0,0.0,0.0,0.0,0.0,0.0,11,45,3,4
Nigeria,2014-11-12,20.0,8.0,0.0,0.0,0,0.0,0.0,0.0,0.0,0.0,0.0,11,46,3,4
Nigeria,2014-11-14,20.0,8.0,0.0,0.0,0,0.0,0.0,0.0,0.0,0.0,0.0,11,46,3,4
Nigeria,2014-11-19,20.0,8.0,0.0,0.0,0,0.0,0.0,0.0,0.0,0.0,0.0,11,47,3,4
Nigeria,2014-11-21,20.0,8.0,0.0,0.0,0,0.0,0.0,0.0,0.0,0.0,0.0,11,47,3,4
Nigeria,2014-11-26,20.0,8.0,0.0,0.0,0,0.0,0.0,0.0,0.0,0.0,0.0,11,48,3,4
Nigeria,2014-12-01,20.0,8.0,0.0,0.0,0,0.0,0.0,0.0,0.0,0.0,0.0,12,49,0,4
Nigeria,2014-12-03,20.0,8.0,0.0,0.0,0,0.0,0.0,0.0,0.0,0.0,0.0,12,49,0,4
Nigeria,2014-12-10,20.0,8.0,0.0,0.0,0,0.0,0.0,0.0,0.0,0.0,0.0,12,50,0,4
Nigeria,2014-12-15,20.0,8.0,0.0,0.0,0,0.0,0.0,0.0,0.0,0.0,0.0,12,51,0,4
Nigeria,2014-12-17,20.0,8.0,0.0,0.0,0,0.0,0.0,0.0,0.0,0.0,0.0,12,51,0,4
Nigeria,2014-12-22,20.0,8.0,0.0,0.0,0,0.0,0.0,0.0,0.0,0.0,0.0,12,52,0,4
Nigeria,2014-12-23,20.0,8.0,0.0,0.0,0,0.0,0.0,0.0,0.0,0.0,0.0,12,52,0,4
Nigeria,2014-12-24,20.0,8.0,0.0,0.0,0,0.0,0.0,0.0,0.0,0.0,0.0,12,52,0,4
Nigeria,2014-12-26,20.0,8.0,0.0,0.0,0,0.0,0.0,0.0,0.0,0.0,0.0,12,52,0,4
Nigeria,2014-12-29,20.0,8.0,0.0,0.0,0,0.0,0.0,0.0,0.0,0.0,0.0,12,1,0,4
Nigeria,2014-12-30,20.0,8.0,0.0,0.0,0,0.0,0.0,0.0,0.0,0.0,0.0,12,1,0,4
Nigeria,2014-12-31,20.0,8.0,0.0,0.0,0,0.0,0.0,0.0,0.0,0.0,0.0,12,1,0,4
Nigeria,2015-01-02,20.0,8.0,0.0,0.0,0,0.0,0.0,0.0,0.0,0.0,0.0,1,1,0,4
Nigeria,2015-01-05,20.0,8.0,0.0,0.0,0,0.0,0.0,0.0,0.0,0.0,0.0,1,2,0,4
Nigeria,2015-01-06,20.0,8.0,0.0,0.0,0,0.0,0.0,0.0,0.0,0.0,0.0,1,2,0,4
Nigeria,2015-01-07,20.0,8.0,0.0,0.0,0,0.0,0.0,0.0,0.0,0.0,0.0,1,2,0,4
Nigeria,2015-01-14,20.0,8.0,0.0,0.0,0,0.0,0.0,0.0,0.0,0.0,0.0,1,3,0,4
Nigeria,2015-01-15,20.0,8.0,0.0,0.0,0,0.0,0.0,0.0,0.0,0.0,0.0,1,3,0,4
Nigeria,2015-01-16,20.0,8.0,0.0,0.0,0,0.0,0.0,0.0,0.0,0.0,0.0,1,3,0,4
Nigeria,2015-01-19,20.0,8.0,0.0,0.0,0,0.0,0.0,0.0,0.0,0.0,0.0,1,4,0,4
Nigeria,2015-01-20,20.0,8.0,0.0,0.0,0,0.0,0.0,0.0,0.0,0.0,0.0,1,4,0,4
Nigeria,2015-01-21,20.0,8.0,0.0,0.0,0,0.0,0.0,0.0,0.0,0.0,0.0,1,4,0,4
Nigeria,2015-01-22,20.0,8.0,0.0,0.0,0,0.0,0.0,0.0,0.0,0.0,0.0,1,4,0,4
Nigeria,2015-01-23,20.0,8.0,0.0,0.0,0,0.0,0.0,0.0,0.0,0.0,0.0,1,4,0,4
Nigeria,2015-01-26,20.0,8.0,0.0,0.0,0,0.0,0.0,0.0,0.0,0.0,0.0,1,5,0,4
Nigeria,2015-01-27,20.0,8.0,0.0,0.0,0,0.0,0.0,0.0,0.0,0.0,0.0,1,5,0,4
Nigeria,2015-01-28,20.0,8.0,0.0,0.0,0,0.0,0.0,0.0,0.0,0.0,0.0,1,5,0,4
Nigeria,2015-01-29,20.0,8.0,0.0,0.0,0,0.0,0.0,0.0,0.0,0.0,0.0,1,5,0,4
Nigeria,2015-01-30,20.0,8.0,0.0,0.0,0,0.0,0.0,0.0,0.0,0.0,0.0,1,5,0,4
Nigeria,2015-02-02,20.0,8.0,0.0,0.0,0,0.0,0.0,0.0,0.0,0.0,0.0,2,6,0,4
Nigeria,2015-02-03,20.0,8.0,0.0,0.0,0,0.0,0.0,0.0,0.0,0.0,0.0,2,6,0,4
Nigeria,2015-02-04,20.0,8.0,0.0,0.0,0,0.0,0.0,0.0,0.0,0.0,0.0,2,6,0,4
Nigeria,2015-02-05,20.0,8.0,0.0,0.0,0,0.0,0.0,0.0,0.0,0.0,0.0,2,6,0,4
Nigeria,2015-02-06,20.0,8.0,0.0,0.0,0,0.0,0.0,0.0,0.0,0.0,0.0,2,6,0,4
Nigeria,2015-02-10,20.0,8.0,0.0,0.0,0,0.0,0.0,0.0,0.0,0.0,0.0,2,7,0,4
Nigeria,2015-02-11,20.0,8.0,0.0,0.0,0,0.0,0.0,0.0,0.0,0.0,0.0,2,7,0,4
Nigeria,2015-02-12,20.0,8.0,0.0,0.0,0,0.0,0.0,0.0,0.0,0.0,0.0,2,7,0,4
Nigeria,2015-02-13,20.0,8.0,0.0,0.0,0,0.0,0.0,0.0,0.0,0.0,0.0,2,7,0,4
Nigeria,2015-02-16,20.0,8.0,0.0,0.0,0,0.0,0.0,0.0,0.0,0.0,0.0,2,8,0,4
Nigeria,2015-02-17,20.0,8.0,0.0,0.0,0,0.0,0.0,0.0,0.0,0.0,0.0,2,8,0,4
Nigeria,2015-02-18,20.0,8.0,0.0,0.0,0,0.0,0.0,0.0,0.0,0.0,0.0,2,8,0,4
Nigeria,2015-02-19,20.0,8.0,0.0,0.0,0,0.0,0.0,0.0,0.0,0.0,0.0,2,8,0,4
Nigeria,2015-02-20,20.0,8.0,0.0,0.0,0,0.0,0.0,0.0,0.0,0.0,0.0,2,8,0,4
Nigeria,2015-02-23,20.0,8.0,0.0,0.0,0,0.0,0.0,0.0,0.0,0.0,0.0,2,9,0,4
Nigeria,2015-02-25,20.0,8.0,0.0,0.0,0,0.0,0.0,0.0,0.0,0.0,0.0,2,9,0,4
Nigeria,2015-02-26,20.0,8.0,0.0,0.0,0,0.0,0.0,0.0,0.0,0.0,0.0,2,9,0,4
Nigeria,2015-02-27,20.0,8.0,0.0,0.0,0,0.0,0.0,0.0,0.0,0.0,0.0,2,9,0,4
Nigeria,2015-03-02,20.0,8.0,0.0,0.0,0,0.0,0.0,0.0,0.0,0.0,0.0,3,10,1,4
Nigeria,2015-03-04,20.0,8.0,0.0,0.0,0,0.0,0.0,0.0,0.0,0.0,0.0,3,10,1,4
Nigeria,2015-03-05,20.0,8.0,0.0,0.0,0,0.0,0.0,0.0,0.0,0.0,0.0,3,10,1,4
Nigeria,2015-03-06,20.0,8.0,0.0,0.0,0,0.0,0.0,0.0,0.0,0.0,0.0,3,10,1,4
Nigeria,2015-03-10,20.0,8.0,0.0,0.0,0,0.0,0.0,0.0,0.0,0.0,0.0,3,11,1,4
Nigeria,2015-03-11,20.0,8.0,0.0,0.0,0,0.0,0.0,0.0,0.0,0.0,0.0,3,11,1,4
Nigeria,2015-03-12,20.0,8.0,0.0,0.0,0,0.0,0.0,0.0,0.0,0.0,0.0,3,11,1,4
Nigeria,2015-03-13,20.0,8.0,0.0,0.0,0,0.0,0.0,0.0,0.0,0.0,0.0,3,11,1,4
Nigeria,2015-03-16,20.0,8.0,0.0,0.0,0,0.0,0.0,0.0,0.0,0.0,0.0,3,12,1,4
Nigeria,2015-03-17,20.0,8.0,0.0,0.0,0,0.0,0.0,0.0,0.0,0.0,0.0,3,12,1,4
Nigeria,2015-03-18,20.0,8.0,0.0,0.0,0,0.0,0.0,0.0,0.0,0.0,0.0,3,12,1,4
Nigeria,2015-03-20,20.0,8.0,0.0,0.0,0,0.0,0.0,0.0,0.0,0.0,0.0,3,12,1,4
Nigeria,2015-03-23,20.0,8.0,0.0,0.0,0,0.0,0.0,0.0,0.0,0.0,0.0,3,13,1,4
Nigeria,2015-03-24,20.0,8.0,0.0,0.0,0,0.0,0.0,0.0,0.0,0.0,0.0,3,13,1,4
Nigeria,2015-03-25,20.0,8.0,0.0,0.0,0,0.0,0.0,0.0,0.0,0.0,0.0,3,13,1,4
Nigeria,2015-03-26,20.0,8.0,0.0,0.0,0,0.0,0.0,0.0,0.0,0.0,0.0,3,13,1,4
Nigeria,2015-03-27,20.0,8.0,0.0,0.0,0,0.0,0.0,0.0,0.0,0.0,0.0,3,13,1,4
Nigeria,2015-04-07,20.0,8.0,0.0,0.0,0,0.0,0.0,0.0,0.0,0.0,0.0,4,15,1,4
Nigeria,2015-04-09,20.0,8.0,0.0,0.0,0,0.0,0.0,0.0,0.0,0.0,0.0,4,15,1,4
Nigeria,2015-04-13,20.0,8.0,0.0,0.0,0,0.0,0.0,0.0,0.0,0.0,0.0,4,16,1,4
Nigeria,2015-04-14,20.0,8.0,0.0,0.0,0,0.0,0.0,0.0,0.0,0.0,0.0,4,16,1,4
Nigeria,2015-04-15,20.0,8.0,0.0,0.0,0,0.0,0.0,0.0,0.0,0.0,0.0,4,16,1,4
Nigeria,2015-04-16,20.0,8.0,0.0,0.0,0,0.0,0.0,0.0,0.0,0.0,0.0,4,16,1,4
Nigeria,2015-04-17,20.0,8.0,0.0,0.0,0,0.0,0.0,0.0,0.0,0.0,0.0,4,16,1,4
Nigeria,2015-04-20,20.0,8.0,0.0,0.0,0,0.0,0.0,0.0,0.0,0.0,0.0,4,17,1,4
Nigeria,2015-04-21,20.0,8.0,0.0,0.0,0,0.0,0.0,0.0,0.0,0.0,0.0,4,17,1,4
Nigeria,2015-04-22,20.0,8.0,0.0,0.0,0,0.0,0.0,0.0,0.0,0.0,0.0,4,17,1,4
Nigeria,2015-04-23,20.0,8.0,0.0,0.0,0,0.0,0.0,0.0,0.0,0.0,0.0,4,17,1,4
Nigeria,2015-04-24,20.0,8.0,0.0,0.0,0,0.0,0.0,0.0,0.0,0.0,0.0,4,17,1,4
Nigeria,2015-04-27,20.0,8.0,0.0,0.0,0,0.0,0.0,0.0,0.0,0.0,0.0,4,18,1,4
Nigeria,2015-04-28,20.0,8.0,0.0,0.0,0,0.0,0.0,0.0,0.0,0.0,0.0,4,18,1,4
Nigeria,2015-04-30,20.0,8.0,0.0,0.0,0,0.0,0.0,0.0,0.0,0.0,0.0,4,18,1,4
Nigeria,2015-05-01,20.0,8.0,0.0,0.0,0,0.0,0.0,0.0,0.0,0.0,0.0,5,18,1,4
Nigeria,2015-05-04,20.0,8.0,0.0,0.0,0,0.0,0.0,0.0,0.0,0.0,0.0,5,19,1,4
Nigeria,2015-05-05,20.0,8.0,0.0,0.0,0,0.0,0.0,0.0,0.0,0.0,0.0,5,19,1,4
Nigeria,2015-05-06,20.0,8.0,0.0,0.0,0,0.0,0.0,0.0,0.0,0.0,0.0,5,19,1,4
Nigeria,2015-05-07,20.0,8.0,0.0,0.0,0,0.0,0.0,0.0,0.0,0.0,0.0,5,19,1,4
Nigeria,2015-05-08,20.0,8.0,0.0,0.0,0,0.0,0.0,0.0,0.0,0.0,0.0,5,19,1,4
Nigeria,2015-05-11,20.0,8.0,0.0,0.0,0,0.0,0.0,0.0,0.0,0.0,0.0,5,20,1,4
Nigeria,2015-05-12,20.0,8.0,0.0,0.0,0,0.0,0.0,0.0,0.0,0.0,0.0,5,20,1,4
Nigeria,2015-05-13,20.0,8.0,0.0,0.0,0,0.0,0.0,0.0,0.0,0.0,0.0,5,20,1,4
Nigeria,2015-05-14,20.0,8.0,0.0,0.0,0,0.0,0.0,0.0,0.0,0.0,0.0,5,20,1,4
Nigeria,2015-05-15,20.0,8.0,0.0,0.0,0,0.0,0.0,0.0,0.0,0.0,0.0,5,20,1,4
Nigeria,2015-05-18,20.0,8.0,0.0,0.0,0,0.0,0.0,0.0,0.0,0.0,0.0,5,21,1,4
Nigeria,2015-05-19,20.0,8.0,0.0,0.0,0,0.0,0.0,0.0,0.0,0.0,0.0,5,21,1,4
Nigeria,2015-05-20,20.0,8.0,0.0,0.0,0,0.0,0.0,0.0,0.0,0.0,0.0,5,21,1,4
Nigeria,2015-05-21,20.0,8.0,0.0,0.0,0,0.0,0.0,0.0,0.0,0.0,0.0,5,21,1,4
Nigeria,2015-05-22,20.0,8.0,0.0,0.0,0,0.0,0.0,0.0,0.0,0.0,0.0,5,21,1,4
Nigeria,2015-05-25,20.0,8.0,0.0,0.0,0,0.0,0.0,0.0,0.0,0.0,0.0,5,22,1,4
Nigeria,2015-05-26,20.0,8.0,0.0,0.0,0,0.0,0.0,0.0,0.0,0.0,0.0,5,22,1,4
Nigeria,2015-05-27,20.0,8.0,0.0,0.0,0,0.0,0.0,0.0,0.0,0.0,0.0,5,22,1,4
Nigeria,2015-05-28,20.0,8.0,0.0,0.0,0,0.0,0.0,0.0,0.0,0.0,0.0,5,22,1,4
Nigeria,2015-05-29,20.0,8.0,0.0,0.0,0,0.0,0.0,0.0,0.0,0.0,0.0,5,22,1,4
Nigeria,2015-06-01,20.0,8.0,0.0,0.0,0,0.0,0.0,0.0,0.0,0.0,0.0,6,23,2,4
Nigeria,2015-06-02,20.0,8.0,0.0,0.0,0,0.0,0.0,0.0,0.0,0.0,0.0,6,23,2,4
Nigeria,2015-06-03,20.0,8.0,0.0,0.0,0,0.0,0.0,0.0,0.0,0.0,0.0,6,23,2,4
Nigeria,2015-06-04,20.0,8.0,0.0,0.0,0,0.0,0.0,0.0,0.0,0.0,0.0,6,23,2,4
Nigeria,2015-06-05,20.0,8.0,0.0,0.0,0,0.0,0.0,0.0,0.0,0.0,0.0,6,23,2,4
Nigeria,2015-06-08,20.0,8.0,0.0,0.0,0,0.0,0.0,0.0,0.0,0.0,0.0,6,24,2,4
Nigeria,2015-06-09,20.0,8.0,0.0,0.0,0,0.0,0.0,0.0,0.0,0.0,0.0,6,24,2,4
Nigeria,2015-06-10,20.0,8.0,0.0,0.0,0,0.0,0.0,0.0,0.0,0.0,0.0,6,24,2,4
Nigeria,2015-06-11,20.0,8.0,0.0,0.0,0,0.0,0.0,0.0,0.0,0.0,0.0,6,24,2,4
Nigeria,2015-06-12,20.0,8.0,0.0,0.0,0,0.0,0.0,0.0,0.0,0.0,0.0,6,24,2,4
Nigeria,2015-06-15,20.0,8.0,0.0,0.0,0,0.0,0.0,0.0,0.0,0.0,0.0,6,25,2,4
Nigeria,2015-06-16,20.0,8.0,0.0,0.0,0,0.0,0.0,0.0,0.0,0.0,0.0,6,25,2,4
Nigeria,2015-06-17,20.0,8.0,0.0,0.0,0,0.0,0.0,0.0,0.0,0.0,0.0,6,25,2,4
Nigeria,2015-06-18,20.0,8.0,0.0,0.0,0,0.0,0.0,0.0,0.0,0.0,0.0,6,25,2,4
Nigeria,2015-06-19,20.0,8.0,0.0,0.0,0,0.0,0.0,0.0,0.0,0.0,0.0,6,25,2,4
Nigeria,2015-06-22,20.0,8.0,0.0,0.0,0,0.0,0.0,0.0,0.0,0.0,0.0,6,26,2,4
Nigeria,2015-06-23,20.0,8.0,0.0,0.0,0,0.0,0.0,0.0,0.0,0.0,0.0,6,26,2,4
Nigeria,2015-06-24,20.0,8.0,0.0,0.0,0,0.0,0.0,0.0,0.0,0.0,0.0,6,26,2,4
Nigeria,2015-06-25,20.0,8.0,0.0,0.0,0,0.0,0.0,0.0,0.0,0.0,0.0,6,26,2,4
Nigeria,2015-06-26,20.0,8.0,0.0,0.0,0,0.0,0.0,0.0,0.0,0.0,0.0,6,26,2,4
Nigeria,2015-06-29,20.0,8.0,0.0,0.0,0,0.0,0.0,0.0,0.0,0.0,0.0,6,27,2,4
Nigeria,2015-06-30,20.0,8.0,0.0,0.0,0,0.0,0.0,0.0,0.0,0.0,0.0,6,27,2,4
Nigeria,2015-07-01,20.0,8.0,0.0,0.0,0,0.0,0.0,0.0,0.0,0.0,0.0,7,27,2,4
Nigeria,2015-07-02,20.0,8.0,0.0,0.0,0,0.0,0.0,0.0,0.0,0.0,0.0,7,27,2,4
Nigeria,2015-07-03,20.0,8.0,0.0,0.0,0,0.0,0.0,0.0,0.0,0.0,0.0,7,27,2,4
Nigeria,2015-07-06,20.0,8.0,0.0,0.0,0,0.0,0.0,0.0,0.0,0.0,0.0,7,28,2,4
Nigeria,2015-07-07,20.0,8.0,0.0,0.0,0,0.0,0.0,0.0,0.0,0.0,0.0,7,28,2,4
Nigeria,2015-07-08,20.0,8.0,0.0,0.0,0,0.0,0.0,0.0,0.0,0.0,0.0,7,28,2,4
Nigeria,2015-07-09,20.0,8.0,0.0,0.0,0,0.0,0.0,0.0,0.0,0.0,0.0,7,28,2,4
Nigeria,2015-07-10,20.0,8.0,0.0,0.0,0,0.0,0.0,0.0,0.0,0.0,0.0,7,28,2,4
Nigeria,2015-07-13,20.0,8.0,0.0,0.0,0,0.0,0.0,0.0,0.0,0.0,0.0,7,29,2,4
Nigeria,2015-07-14,20.0,8.0,0.0,0.0,0,0.0,0.0,0.0,0.0,0.0,0.0,7,29,2,4
Nigeria,2015-07-15,20.0,8.0,0.0,0.0,0,0.0,0.0,0.0,0.0,0.0,0.0,7,29,2,4
Nigeria,2015-07-16,20.0,8.0,0.0,0.0,0,0.0,0.0,0.0,0.0,0.0,0.0,7,29,2,4
Nigeria,2015-07-17,20.0,8.0,0.0,0.0,0,0.0,0.0,0.0,0.0,0.0,0.0,7,29,2,4
Nigeria,2015-07-20,20.0,8.0,0.0,0.0,0,0.0,0.0,0.0,0.0,0.0,0.0,7,30,2,4
Nigeria,2015-07-21,20.0,8.0,0.0,0.0,0,0.0,0.0,0.0,0.0,0.0,0.0,7,30,2,4
Nigeria,2015-07-22,20.0,8.0,0.0,0.0,0,0.0,0.0,0.0,0.0,0.0,0.0,7,30,2,4
Nigeria,2015-07-23,20.0,8.0,0.0,0.0,0,0.0,0.0,0.0,0.0,0.0,0.0,7,30,2,4
Nigeria,2015-07-24,20.0,8.0,0.0,0.0,0,0.0,0.0,0.0,0.0,0.0,0.0,7,30,2,4
Nigeria,2015-07-27,20.0,8.0,0.0,0.0,0,0.0,0.0,0.0,0.0,0.0,0.0,7,31,2,4
Nigeria,2015-07-28,20.0,8.0,0.0,0.0,0,0.0,0.0,0.0,0.0,0.0,0.0,7,31,2,4
Nigeria,2015-07-29,20.0,8.0,0.0,0.0,0,0.0,0.0,0.0,0.0,0.0,0.0,7,31,2,4
Nigeria,2015-07-30,20.0,8.0,0.0,0.0,0,0.0,0.0,0.0,0.0,0.0,0.0,7,31,2,4
Nigeria,2015-07-31,20.0,8.0,0.0,0.0,0,0.0,0.0,0.0,0.0,0.0,0.0,7,31,2,4
Nigeria,2015-08-03,20.0,8.0,0.0,0.0,0,0.0,0.0,0.0,0.0,0.0,0.0,8,32,2,4
Nigeria,2015-08-04,20.0,8.0,0.0,0.0,0,0.0,0.0,0.0,0.0,0.0,0.0,8,32,2,4
Nigeria,2015-08-05,20.0,8.0,0.0,0.0,0,0.0,0.0,0.0,0.0,0.0,0.0,8,32,2,4
Nigeria,2015-08-06,20.0,8.0,0.0,0.0,0,0.0,0.0,0.0,0.0,0.0,0.0,8,32,2,4
Nigeria,2015-08-07,20.0,8.0,0.0,0.0,0,0.0,0.0,0.0,0.0,0.0,0.0,8,32,2,4
Nigeria,2015-08-10,20.0,8.0,0.0,0.0,0,0.0,0.0,0.0,0.0,0.0,0.0,8,33,2,4
Nigeria,2015-08-11,20.0,8.0,0.0,0.0,0,0.0,0.0,0.0,0.0,0.0,0.0,8,33,2,4
Nigeria,2015-08-12,20.0,8.0,0.0,0.0,0,0.0,0.0,0.0,0.0,0.0,0.0,8,33,2,4
Nigeria,2015-08-13,20.0,8.0,0.0,0.0,0,0.0,0.0,0.0,0.0,0.0,0.0,8,33,2,4
Nigeria,2015-08-14,20.0,8.0,0.0,0.0,0,0.0,0.0,0.0,0.0,0.0,0.0,8,33,2,4
Nigeria,2015-08-17,20.0,8.0,0.0,0.0,0,0.0,0.0,0.0,0.0,0.0,0.0,8,34,2,4
Nigeria,2015-08-18,20.0,8.0,0.0,0.0,0,0.0,0.0,0.0,0.0,0.0,0.0,8,34,2,4
Nigeria,2015-08-19,20.0,8.0,0.0,0.0,0,0.0,0.0,0.0,0.0,0.0,0.0,8,34,2,4
Nigeria,2015-08-20,20.0,8.0,0.0,0.0,0,0.0,0.0,0.0,0.0,0.0,0.0,8,34,2,4
Nigeria,2015-08-21,20.0,8.0,0.0,0.0,0,0.0,0.0,0.0,0.0,0.0,0.0,8,34,2,4
Nigeria,2015-08-24,20.0,8.0,0.0,0.0,0,0.0,0.0,0.0,0.0,0.0,0.0,8,35,2,4
Nigeria,2015-08-25,20.0,8.0,0.0,0.0,0,0.0,0.0,0.0,0.0,0.0,0.0,8,35,2,4
Nigeria,2015-08-26,20.0,8.0,0.0,0.0,0,0.0,0.0,0.0,0.0,0.0,0.0,8,35,2,4
Nigeria,2015-08-27,20.0,8.0,0.0,0.0,0,0.0,0.0,0.0,0.0,0.0,0.0,8,35,2,4
Nigeria,2015-08-28,20.0,8.0,0.0,0.0,0,0.0,0.0,0.0,0.0,0.0,0.0,8,35,2,4
Nigeria,2015-08-31,20.0,8.0,0.0,0.0,0,0.0,0.0,0.0,0.0,0.0,0.0,8,36,2,4
Nigeria,2015-09-01,20.0,8.0,0.0,0.0,0,0.0,0.0,0.0,0.0,0.0,0.0,9,36,3,4
Nigeria,2015-09-02,20.0,8.0,0.0,0.0,0,0.0,0.0,0.0,0.0,0.0,0.0,9,36,3,4
Nigeria,2015-09-03,20.0,8.0,0.0,0.0,0,0.0,0.0,0.0,0.0,0.0,0.0,9,36,3,4
Nigeria,2015-09-04,20.0,8.0,0.0,0.0,0,0.0,0.0,0.0,0.0,0.0,0.0,9,36,3,4
Nigeria,2015-09-07,20.0,8.0,0.0,0.0,0,0.0,0.0,0.0,0.0,0.0,0.0,9,37,3,4
Nigeria,2015-09-08,20.0,8.0,0.0,0.0,0,0.0,0.0,0.0,0.0,0.0,0.0,9,37,3,4
Nigeria,2015-09-09,20.0,8.0,0.0,0.0,0,0.0,0.0,0.0,0.0,0.0,0.0,9,37,3,4
Nigeria,2015-09-10,20.0,8.0,0.0,0.0,0,0.0,0.0,0.0,0.0,0.0,0.0,9,37,3,4
Nigeria,2015-09-11,20.0,8.0,0.0,0.0,0,0.0,0.0,0.0,0.0,0.0,0.0,9,37,3,4
Nigeria,2015-09-14,20.0,8.0,0.0,0.0,0,0.0,0.0,0.0,0.0,0.0,0.0,9,38,3,4
Nigeria,2015-09-15,20.0,8.0,0.0,0.0,0,0.0,0.0,0.0,0.0,0.0,0.0,9,38,3,4
Nigeria,2015-09-16,20.0,8.0,0.0,0.0,0,0.0,0.0,0.0,0.0,0.0,0.0,9,38,3,4
Nigeria,2015-09-17,20.0,8.0,0.0,0.0,0,0.0,0.0,0.0,0.0,0.0,0.0,9,38,3,4
Nigeria,2015-09-18,20.0,8.0,0.0,0.0,0,0.0,0.0,0.0,0.0,0.0,0.0,9,38,3,4
Nigeria,2015-09-21,20.0,8.0,0.0,0.0,0,0.0,0.0,0.0,0.0,0.0,0.0,9,39,3,4
Nigeria,2015-09-22,20.0,8.0,0.0,0.0,0,0.0,0.0,0.0,0.0,0.0,0.0,9,39,3,4
Nigeria,2015-09-23,20.0,8.0,0.0,0.0,0,0.0,0.0,0.0,0.0,0.0,0.0,9,39,3,4
Nigeria,2015-09-24,20.0,8.0,0.0,0.0,0,0.0,0.0,0.0,0.0,0.0,0.0,9,39,3,4
Nigeria,2015-09-25,20.0,8.0,0.0,0.0,0,0.0,0.0,0.0,0.0,0.0,0.0,9,39,3,4
Nigeria,2015-09-28,20.0,8.0,0.0,0.0,0,0.0,0.0,0.0,0.0,0.0,0.0,9,40,3,4
Nigeria,2015-09-29,20.0,8.0,0.0,0.0,0,0.0,0.0,0.0,0.0,0.0,0.0,9,40,3,4
Nigeria,2015-09-30,20.0,8.0,0.0,0.0,0,0.0,0.0,0.0,0.0,0.0,0.0,9,40,3,4
Nigeria,2015-10-01,20.0,8.0,0.0,0.0,0,0.0,0.0,0.0,0.0,0.0,0.0,10,40,3,4
Nigeria,2015-10-02,20.0,8.0,0.0,0.0,0,0.0,0.0,0.0,0.0,0.0,0.0,10,40,3,4
Nigeria,2015-10-05,20.0,8.0,0.0,0.0,0,0.0,0.0,0.0,0.0,0.0,0.0,10,41,3,4
Nigeria,2015-10-06,20.0,8.0,0.0,0.0,0,0.0,0.0,0.0,0.0,0.0,0.0,10,41,3,4
Nigeria,2015-10-07,20.0,8.0,0.0,0.0,0,0.0,0.0,0.0,0.0,0.0,0.0,10,41,3,4
Nigeria,2015-10-08,20.0,8.0,0.0,0.0,0,0.0,0.0,0.0,0.0,0.0,0.0,10,41,3,4
Nigeria,2015-10-09,20.0,8.0,0.0,0.0,0,0.0,0.0,0.0,0.0,0.0,0.0,10,41,3,4
Nigeria,2015-10-13,20.0,8.0,0.0,0.0,0,0.0,0.0,0.0,0.0,0.0,0.0,10,42,3,4
Nigeria,2015-10-15,20.0,8.0,0.0,0.0,0,0.0,0.0,0.0,0.0,0.0,0.0,10,42,3,4
Nigeria,2015-10-16,20.0,8.0,0.0,0.0,0,0.0,0.0,0.0,0.0,0.0,0.0,10,42,3,4
Nigeria,2015-10-20,20.0,8.0,0.0,0.0,0,0.0,0.0,0.0,0.0,0.0,0.0,10,43,3,4
Nigeria,2015-10-22,20.0,8.0,0.0,0.0,0,0.0,0.0,0.0,0.0,0.0,0.0,10,43,3,4
Nigeria,2015-10-23,20.0,8.0,0.0,0.0,0,0.0,0.0,0.0,0.0,0.0,0.0,10,43,3,4
Nigeria,2015-10-26,20.0,8.0,0.0,0.0,0,0.0,0.0,0.0,0.0,0.0,0.0,10,44,3,4
Nigeria,2015-10-27,20.0,8.0,0.0,0.0,0,0.0,0.0,0.0,0.0,0.0,0.0,10,44,3,4
Nigeria,2015-10-29,20.0,8.0,0.0,0.0,0,0.0,0.0,0.0,0.0,0.0,0.0,10,44,3,4
Nigeria,2015-10-30,20.0,8.0,0.0,0.0,0,0.0,0.0,0.0,0.0,0.0,0.0,10,44,3,4
Nigeria,2015-11-03,20.0,8.0,0.0,0.0,0,0.0,0.0,0.0,0.0,0.0,0.0,11,45,3,4
Nigeria,2015-11-05,20.0,8.0,0.0,0.0,0,0.0,0.0,0.0,0.0,0.0,0.0,11,45,3,4
Nigeria,2015-11-06,20.0,8.0,0.0,0.0,0,0.0,0.0,0.0,0.0,0.0,0.0,11,45,3,4
Nigeria,2015-11-10,20.0,8.0,0.0,0.0,0,0.0,0.0,0.0,0.0,0.0,0.0,11,46,3,4
Nigeria,2015-11-11,20.0,8.0,0.0,0.0,0,0.0,0.0,0.0,0.0,0.0,0.0,11,46,3,4
Nigeria,2015-11-12,20.0,8.0,0.0,0.0,0,0.0,0.0,0.0,0.0,0.0,0.0,11,46,3,4
Nigeria,2015-11-16,20.0,8.0,0.0,0.0,0,0.0,0.0,0.0,0.0,0.0,0.0,11,47,3,4
Nigeria,2015-11-17,20.0,8.0,0.0,0.0,0,0.0,0.0,0.0,0.0,0.0,0.0,11,47,3,4
Nigeria,2015-11-20,20.0,8.0,0.0,0.0,0,0.0,0.0,0.0,0.0,0.0,0.0,11,47,3,4
Nigeria,2015-11-24,20.0,8.0,0.0,0.0,0,0.0,0.0,0.0,0.0,0.0,0.0,11,48,3,4
Nigeria,2015-11-26,20.0,8.0,0.0,0.0,0,0.0,0.0,0.0,0.0,0.0,0.0,11,48,3,4
Nigeria,2015-12-01,20.0,8.0,0.0,0.0,0,0.0,0.0,0.0,0.0,0.0,0.0,12,49,0,4
Nigeria,2015-12-02,20.0,8.0,0.0,0.0,0,0.0,0.0,0.0,0.0,0.0,0.0,12,49,0,4
Nigeria,2015-12-03,20.0,8.0,0.0,0.0,0,0.0,0.0,0.0,0.0,0.0,0.0,12,49,0,4
Nigeria,2015-12-09,20.0,8.0,0.0,0.0,0,0.0,0.0,0.0,0.0,0.0,0.0,12,50,0,4
Nigeria,2015-12-10,20.0,8.0,0.0,0.0,0,0.0,0.0,0.0,0.0,0.0,0.0,12,50,0,4
Nigeria,2015-12-11,20.0,8.0,0.0,0.0,0,0.0,0.0,0.0,0.0,0.0,0.0,12,50,0,4
Nigeria,2015-12-15,20.0,8.0,0.0,0.0,0,0.0,0.0,0.0,0.0,0.0,0.0,12,51,0,4
Nigeria,2015-12-16,20.0,8.0,0.0,0.0,0,0.0,0.0,0.0,0.0,0.0,0.0,12,51,0,4
Nigeria,2015-12-17,20.0,8.0,0.0,0.0,0,0.0,0.0,0.0,0.0,0.0,0.0,12,51,0,4
Nigeria,2015-12-22,20.0,8.0,0.0,0.0,0,0.0,0.0,0.0,0.0,0.0,0.0,12,52,0,4
Nigeria,2015-12-23,20.0,8.0,0.0,0.0,0,0.0,0.0,0.0,0.0,0.0,0.0,12,52,0,4
Nigeria,2015-12-29,20.0,8.0,0.0,0.0,0,0.0,0.0,0.0,0.0,0.0,0.0,12,53,0,4
Nigeria,2016-03-23,20.0,8.0,0.0,0.0,0,0.0,0.0,0.0,0.0,0.0,0.0,3,12,1,4
Senegal,2014-09-05,1.0,0.0,1.0,1.0,0,,,,1.0,0.0,0.0,9,36,3,5
Senegal,2014-09-08,3.0,0.0,2.0,1.5,0,1.0,,,2.0,0.7071067811865476,1.0,9,37,3,5
Senegal,2014-09-12,3.0,0.0,0.0,1.0,0,2.0,1.0,,2.0,1.0,-1.0,9,37,3,5
Senegal,2014-09-16,1.0,0.0,0.0,0.75,0,0.0,2.0,1.0,2.0,0.9574271077563381,0.0,9,38,3,5
Senegal,2014-09-18,1.0,0.0,0.0,0.5,0,0.0,0.0,2.0,2.0,1.0,0.0,9,38,3,5
Senegal,2014-09-22,1.0,0.0,0.0,0.0,0,0.0,0.0,0.0,0.0,0.0,0.0,9,39,3,5
Senegal,2014-09-24,1.0,0.0,0.0,0.0,0,0.0,0.0,0.0,0.0,0.0,0.0,9,39,3,5
Senegal,2014-09-26,1.0,0.0,0.0,0.0,0,0.0,0.0,0.0,0.0,0.0,0.0,9,39,3,5
Senegal,2014-10-01,1.0,0.0,0.0,0.0,0,0.0,0.0,0.0,0.0,0.0,0.0,10,40,3,5
Senegal,2014-10-03,1.0,0.0,0.0,0.0,0,0.0,0.0,0.0,0.0,0.0,0.0,10,40,3,5
Senegal,2014-10-08,1.0,0.0,0.0,0.0,0,0.0,0.0,0.0,0.0,0.0,0.0,10,41,3,5
Senegal,2014-10-10,1.0,0.0,0.0,0.0,0,0.0,0.0,0.0,0.0,0.0,0.0,10,41,3,5
Senegal,2014-10-15,1.0,0.0,0.0,0.0,0,0.0,0.0,0.0,0.0,0.0,0.0,10,42,3,5
Senegal,2014-10-17,1.0,0.0,0.0,0.0,0,0.0,0.0,0.0,0.0,0.0,0.0,10,42,3,5
Senegal,2014-10-22,1.0,0.0,0.0,0.0,0,0.0,0.0,0.0,0.0,0.0,0.0,10,43,3,5
Senegal,2014-10-25,1.0,0.0,0.0,0.0,0,0.0,0.0,0.0,0.0,0.0,0.0,10,43,3,5
Senegal,2014-10-29,1.0,0.0,0.0,0.0,0,0.0,0.0,0.0,0.0,0.0,0.0,10,44,3,5
Senegal,2014-10-31,1.0,0.0,0.0,0.0,0,0.0,0.0,0.0,0.0,0.0,0.0,10,44,3,5
Senegal,2014-11-05,1.0,0.0,0.0,0.0,0,0.0,0.0,0.0,0.0,0.0,0.0,11,45,3,5
Senegal,2014-11-07,1.0,0.0,0.0,0.0,0,0.0,0.0,0.0,0.0,0.0,0.0,11,45,3,5
Senegal,2014-11-12,1.0,0.0,0.0,0.0,0,0.0,0.0,0.0,0.0,0.0,0.0,11,46,3,5
Senegal,2014-11-14,1.0,0.0,0.0,0.0,0,0.0,0.0,0.0,0.0,0.0,0.0,11,46,3,5
Senegal,2014-11-19,1.0,0.0,0.0,0.0,0,0.0,0.0,0.0,0.0,0.0,0.0,11,47,3,5
Senegal,2014-11-21,1.0,0.0,0.0,0.0,0,0.0,0.0,0.0,0.0,0.0,0.0,11,47,3,5
Senegal,2014-11-26,1.0,0.0,0.0,0.0,0,0.0,0.0,0.0,0.0,0.0,0.0,11,48,3,5
Senegal,2014-12-01,1.0,0.0,0.0,0.0,0,0.0,0.0,0.0,0.0,0.0,0.0,12,49,0,5
Senegal,2014-12-03,1.0,0.0,0.0,0.0,0,0.0,0.0,0.0,0.0,0.0,0.0,12,49,0,5
Senegal,2014-12-10,1.0,0.0,0.0,0.0,0,0.0,0.0,0.0,0.0,0.0,0.0,12,50,0,5
Senegal,2014-12-15,1.0,0.0,0.0,0.0,0,0.0,0.0,0.0,0.0,0.0,0.0,12,51,0,5
Senegal,2014-12-17,1.0,0.0,0.0,0.0,0,0.0,0.0,0.0,0.0,0.0,0.0,12,51,0,5
Senegal,2014-12-22,1.0,0.0,0.0,0.0,0,0.0,0.0,0.0,0.0,0.0,0.0,12,52,0,5
Senegal,2014-12-23,1.0,0.0,0.0,0.0,0,0.0,0.0,0.0,0.0,0.0,0.0,12,52,0,5
Senegal,2014-12-24,1.0,0.0,0.0,0.0,0,0.0,0.0,0.0,0.0,0.0,0.0,12,52,0,5
Senegal,2014-12-26,1.0,0.0,0.0,0.0,0,0.0,0.0,0.0,0.0,0.0,0.0,12,52,0,5
Senegal,2014-12-29,1.0,0.0,0.0,0.0,0,0.0,0.0,0.0,0.0,0.0,0.0,12,1,0,5
Senegal,2014-12-30,1.0,0.0,0.0,0.0,0,0.0,0.0,0.0,0.0,0.0,0.0,12,1,0,5
Senegal,2014-12-31,1.0,0.0,0.0,0.0,0,0.0,0.0,0.0,0.0,0.0,0.0,12,1,0,5
Senegal,2015-01-02,1.0,0.0,0.0,0.0,0,0.0,0.0,0.0,0.0,0.0,0.0,1,1,0,5
Senegal,2015-01-05,1.0,0.0,0.0,0.0,0,0.0,0.0,0.0,0.0,0.0,0.0,1,2,0,5
Senegal,2015-01-06,1.0,0.0,0.0,0.0,0,0.0,0.0,0.0,0.0,0.0,0.0,1,2,0,5
Senegal,2015-01-07,1.0,0.0,0.0,0.0,0,0.0,0.0,0.0,0.0,0.0,0.0,1,2,0,5
Senegal,2015-01-14,1.0,0.0,0.0,0.0,0,0.0,0.0,0.0,0.0,0.0,0.0,1,3,0,5
Senegal,2015-01-15,1.0,0.0,0.0,0.0,0,0.0,0.0,0.0,0.0,0.0,0.0,1,3,0,5
Senegal,2015-01-16,1.0,0.0,0.0,0.0,0,0.0,0.0,0.0,0.0,0.0,0.0,1,3,0,5
Senegal,2015-01-19,1.0,0.0,0.0,0.0,0,0.0,0.0,0.0,0.0,0.0,0.0,1,4,0,5
Senegal,2015-01-20,1.0,0.0,0.0,0.0,0,0.0,0.0,0.0,0.0,0.0,0.0,1,4,0,5
Senegal,2015-01-21,1.0,0.0,0.0,0.0,0,0.0,0.0,0.0,0.0,0.0,0.0,1,4,0,5
Senegal,2015-01-22,1.0,0.0,0.0,0.0,0,0.0,0.0,0.0,0.0,0.0,0.0,1,4,0,5
Senegal,2015-01-23,1.0,0.0,0.0,0.0,0,0.0,0.0,0.0,0.0,0.0,0.0,1,4,0,5
Senegal,2015-01-26,1.0,0.0,0.0,0.0,0,0.0,0.0,0.0,0.0,0.0,0.0,1,5,0,5
Senegal,2015-01-27,1.0,0.0,0.0,0.0,0,0.0,0.0,0.0,0.0,0.0,0.0,1,5,0,5
Senegal,2015-01-28,1.0,0.0,0.0,0.0,0,0.0,0.0,0.0,0.0,0.0,0.0,1,5,0,5
Senegal,2015-01-29,1.0,0.0,0.0,0.0,0,0.0,0.0,0.0,0.0,0.0,0.0,1,5,0,5
Senegal,2015-01-30,1.0,0.0,0.0,0.0,0,0.0,0.0,0.0,0.0,0.0,0.0,1,5,0,5
Senegal,2015-02-02,1.0,0.0,0.0,0.0,0,0.0,0.0,0.0,0.0,0.0,0.0,2,6,0,5
Senegal,2015-02-03,1.0,0.0,0.0,0.0,0,0.0,0.0,0.0,0.0,0.0,0.0,2,6,0,5
Senegal,2015-02-04,1.0,0.0,0.0,0.0,0,0.0,0.0,0.0,0.0,0.0,0.0,2,6,0,5
Senegal,2015-02-05,1.0,0.0,0.0,0.0,0,0.0,0.0,0.0,0.0,0.0,0.0,2,6,0,5
Senegal,2015-02-06,1.0,0.0,0.0,0.0,0,0.0,0.0,0.0,0.0,0.0,0.0,2,6,0,5
Senegal,2015-02-10,1.0,0.0,0.0,0.0,0,0.0,0.0,0.0,0.0,0.0,0.0,2,7,0,5
Senegal,2015-02-11,1.0,0.0,0.0,0.0,0,0.0,0.0,0.0,0.0,0.0,0.0,2,7,0,5
Senegal,2015-02-12,1.0,0.0,0.0,0.0,0,0.0,0.0,0.0,0.0,0.0,0.0,2,7,0,5
Senegal,2015-02-13,1.0,0.0,0.0,0.0,0,0.0,0.0,0.0,0.0,0.0,0.0,2,7,0,5
Senegal,2015-02-16,1.0,0.0,0.0,0.0,0,0.0,0.0,0.0,0.0,0.0,0.0,2,8,0,5
Senegal,2015-02-17,1.0,0.0,0.0,0.0,0,0.0,0.0,0.0,0.0,0.0,0.0,2,8,0,5
Senegal,2015-02-18,1.0,0.0,0.0,0.0,0,0.0,0.0,0.0,0.0,0.0,0.0,2,8,0,5
Senegal,2015-02-19,1.0,0.0,0.0,0.0,0,0.0,0.0,0.0,0.0,0.0,0.0,2,8,0,5
Senegal,2015-02-20,1.0,0.0,0.0,0.0,0,0.0,0.0,0.0,0.0,0.0,0.0,2,8,0,5
Senegal,2015-02-23,1.0,0.0,0.0,0.0,0,0.0,0.0,0.0,0.0,0.0,0.0,2,9,0,5
Senegal,2015-02-25,1.0,0.0,0.0,0.0,0,0.0,0.0,0.0,0.0,0.0,0.0,2,9,0,5
Senegal,2015-02-26,1.0,0.0,0.0,0.0,0,0.0,0.0,0.0,0.0,0.0,0.0,2,9,0,5
Senegal,2015-02-27,1.0,0.0,0.0,0.0,0,0.0,0.0,0.0,0.0,0.0,0.0,2,9,0,5
Senegal,2015-03-02,1.0,0.0,0.0,0.0,0,0.0,0.0,0.0,0.0,0.0,0.0,3,10,1,5
Senegal,2015-03-04,1.0,0.0,0.0,0.0,0,0.0,0.0,0.0,0.0,0.0,0.0,3,10,1,5
Senegal,2015-03-05,1.0,0.0,0.0,0.0,0,0.0,0.0,0.0,0.0,0.0,0.0,3,10,1,5
Senegal,2015-03-06,1.0,0.0,0.0,0.0,0,0.0,0.0,0.0,0.0,0.0,0.0,3,10,1,5
Senegal,2015-03-10,1.0,0.0,0.0,0.0,0,0.0,0.0,0.0,0.0,0.0,0.0,3,11,1,5
Senegal,2015-03-11,1.0,0.0,0.0,0.0,0,0.0,0.0,0.0,0.0,0.0,0.0,3,11,1,5
Senegal,2015-03-12,1.0,0.0,0.0,0.0,0,0.0,0.0,0.0,0.0,0.0,0.0,3,11,1,5
Senegal,2015-03-13,1.0,0.0,0.0,0.0,0,0.0,0.0,0.0,0.0,0.0,0.0,3,11,1,5
Senegal,2015-03-16,1.0,0.0,0.0,0.0,0,0.0,0.0,0.0,0.0,0.0,0.0,3,12,1,5
Senegal,2015-03-17,1.0,0.0,0.0,0.0,0,0.0,0.0,0.0,0.0,0.0,0.0,3,12,1,5
Senegal,2015-03-18,1.0,0.0,0.0,0.0,0,0.0,0.0,0.0,0.0,0.0,0.0,3,12,1,5
Senegal,2015-03-20,1.0,0.0,0.0,0.0,0,0.0,0.0,0.0,0.0,0.0,0.0,3,12,1,5
Senegal,2015-03-23,1.0,0.0,0.0,0.0,0,0.0,0.0,0.0,0.0,0.0,0.0,3,13,1,5
Senegal,2015-03-24,1.0,0.0,0.0,0.0,0,0.0,0.0,0.0,0.0,0.0,0.0,3,13,1,5
Senegal,2015-03-25,1.0,0.0,0.0,0.0,0,0.0,0.0,0.0,0.0,0.0,0.0,3,13,1,5
Senegal,2015-03-26,1.0,0.0,0.0,0.0,0,0.0,0.0,0.0,0.0,0.0,0.0,3,13,1,5
Senegal,2015-03-27,1.0,0.0,0.0,0.0,0,0.0,0.0,0.0,0.0,0.0,0.0,3,13,1,5
Senegal,2015-04-07,1.0,0.0,0.0,0.0,0,0.0,0.0,0.0,0.0,0.0,0.0,4,15,1,5
Senegal,2015-04-09,1.0,0.0,0.0,0.0,0,0.0,0.0,0.0,0.0,0.0,0.0,4,15,1,5
Senegal,2015-04-13,1.0,0.0,0.0,0.0,0,0.0,0.0,0.0,0.0,0.0,0.0,4,16,1,5
Senegal,2015-04-14,1.0,0.0,0.0,0.0,0,0.0,0.0,0.0,0.0,0.0,0.0,4,16,1,5
Senegal,2015-04-15,1.0,0.0,0.0,0.0,0,0.0,0.0,0.0,0.0,0.0,0.0,4,16,1,5
Senegal,2015-04-16,1.0,0.0,0.0,0.0,0,0.0,0.0,0.0,0.0,0.0,0.0,4,16,1,5
Senegal,2015-04-17,1.0,0.0,0.0,0.0,0,0.0,0.0,0.0,0.0,0.0,0.0,4,16,1,5
Senegal,2015-04-20,1.0,0.0,0.0,0.0,0,0.0,0.0,0.0,0.0,0.0,0.0,4,17,1,5
Senegal,2015-04-21,1.0,0.0,0.0,0.0,0,0.0,0.0,0.0,0.0,0.0,0.0,4,17,1,5
Senegal,2015-04-22,1.0,0.0,0.0,0.0,0,0.0,0.0,0.0,0.0,0.0,0.0,4,17,1,5
Senegal,2015-04-23,1.0,0.0,0.0,0.0,0,0.0,0.0,0.0,0.0,0.0,0.0,4,17,1,5
Senegal,2015-04-24,1.0,0.0,0.0,0.0,0,0.0,0.0,0.0,0.0,0.0,0.0,4,17,1,5
Senegal,2015-04-27,1.0,0.0,0.0,0.0,0,0.0,0.0,0.0,0.0,0.0,0.0,4,18,1,5
Senegal,2015-04-28,1.0,0.0,0.0,0.0,0,0.0,0.0,0.0,0.0,0.0,0.0,4,18,1,5
Senegal,2015-04-30,1.0,0.0,0.0,0.0,0,0.0,0.0,0.0,0.0,0.0,0.0,4,18,1,5
Senegal,2015-05-01,1.0,0.0,0.0,0.0,0,0.0,0.0,0.0,0.0,0.0,0.0,5,18,1,5
Senegal,2015-05-04,1.0,0.0,0.0,0.0,0,0.0,0.0,0.0,0.0,0.0,0.0,5,19,1,5
Senegal,2015-05-05,1.0,0.0,0.0,0.0,0,0.0,0.0,0.0,0.0,0.0,0.0,5,19,1,5
Senegal,2015-05-06,1.0,0.0,0.0,0.0,0,0.0,0.0,0.0,0.0,0.0,0.0,5,19,1,5
Senegal,2015-05-07,1.0,0.0,0.0,0.0,0,0.0,0.0,0.0,0.0,0.0,0.0,5,19,1,5
Senegal,2015-05-08,1.0,0.0,0.0,0.0,0,0.0,0.0,0.0,0.0,0.0,0.0,5,19,1,5
Senegal,2015-05-11,1.0,0.0,0.0,0.0,0,0.0,0.0,0.0,0.0,0.0,0.0,5,20,1,5
Senegal,2015-05-12,1.0,0.0,0.0,0.0,0,0.0,0.0,0.0,0.0,0.0,0.0,5,20,1,5
Senegal,2015-05-13,1.0,0.0,0.0,0.0,0,0.0,0.0,0.0,0.0,0.0,0.0,5,20,1,5
Senegal,2015-05-14,1.0,0.0,0.0,0.0,0,0.0,0.0,0.0,0.0,0.0,0.0,5,20,1,5
Senegal,2015-05-15,1.0,0.0,0.0,0.0,0,0.0,0.0,0.0,0.0,0.0,0.0,5,20,1,5
Senegal,2015-05-18,1.0,0.0,0.0,0.0,0,0.0,0.0,0.0,0.0,0.0,0.0,5,21,1,5
Senegal,2015-05-19,1.0,0.0,0.0,0.0,0,0.0,0.0,0.0,0.0,0.0,0.0,5,21,1,5
Senegal,2015-05-20,1.0,0.0,0.0,0.0,0,0.0,0.0,0.0,0.0,0.0,0.0,5,21,1,5
Senegal,2015-05-21,1.0,0.0,0.0,0.0,0,0.0,0.0,0.0,0.0,0.0,0.0,5,21,1,5
Senegal,2015-05-22,1.0,0.0,0.0,0.0,0,0.0,0.0,0.0,0.0,0.0,0.0,5,21,1,5
Senegal,2015-05-25,1.0,0.0,0.0,0.0,0,0.0,0.0,0.0,0.0,0.0,0.0,5,22,1,5
Senegal,2015-05-26,1.0,0.0,0.0,0.0,0,0.0,0.0,0.0,0.0,0.0,0.0,5,22,1,5
Senegal,2015-05-27,1.0,0.0,0.0,0.0,0,0.0,0.0,0.0,0.0,0.0,0.0,5,22,1,5
Senegal,2015-05-28,1.0,0.0,0.0,0.0,0,0.0,0.0,0.0,0.0,0.0,0.0,5,22,1,5
Senegal,2015-05-29,1.0,0.0,0.0,0.0,0,0.0,0.0,0.0,0.0,0.0,0.0,5,22,1,5
Senegal,2015-06-01,1.0,0.0,0.0,0.0,0,0.0,0.0,0.0,0.0,0.0,0.0,6,23,2,5
Senegal,2015-06-02,1.0,0.0,0.0,0.0,0,0.0,0.0,0.0,0.0,0.0,0.0,6,23,2,5
Senegal,2015-06-03,1.0,0.0,0.0,0.0,0,0.0,0.0,0.0,0.0,0.0,0.0,6,23,2,5
Senegal,2015-06-04,1.0,0.0,0.0,0.0,0,0.0,0.0,0.0,0.0,0.0,0.0,6,23,2,5
Senegal,2015-06-05,1.0,0.0,0.0,0.0,0,0.0,0.0,0.0,0.0,0.0,0.0,6,23,2,5
Senegal,2015-06-08,1.0,0.0,0.0,0.0,0,0.0,0.0,0.0,0.0,0.0,0.0,6,24,2,5
Senegal,2015-06-09,1.0,0.0,0.0,0.0,0,0.0,0.0,0.0,0.0,0.0,0.0,6,24,2,5
Senegal,2015-06-10,1.0,0.0,0.0,0.0,0,0.0,0.0,0.0,0.0,0.0,0.0,6,24,2,5
Senegal,2015-06-11,1.0,0.0,0.0,0.0,0,0.0,0.0,0.0,0.0,0.0,0.0,6,24,2,5
Senegal,2015-06-12,1.0,0.0,0.0,0.0,0,0.0,0.0,0.0,0.0,0.0,0.0,6,24,2,5
Senegal,2015-06-15,1.0,0.0,0.0,0.0,0,0.0,0.0,0.0,0.0,0.0,0.0,6,25,2,5
Senegal,2015-06-16,1.0,0.0,0.0,0.0,0,0.0,0.0,0.0,0.0,0.0,0.0,6,25,2,5
Senegal,2015-06-17,1.0,0.0,0.0,0.0,0,0.0,0.0,0.0,0.0,0.0,0.0,6,25,2,5
Senegal,2015-06-18,1.0,0.0,0.0,0.0,0,0.0,0.0,0.0,0.0,0.0,0.0,6,25,2,5
Senegal,2015-06-19,1.0,0.0,0.0,0.0,0,0.0,0.0,0.0,0.0,0.0,0.0,6,25,2,5
Senegal,2015-06-22,1.0,0.0,0.0,0.0,0,0.0,0.0,0.0,0.0,0.0,0.0,6,26,2,5
Senegal,2015-06-23,1.0,0.0,0.0,0.0,0,0.0,0.0,0.0,0.0,0.0,0.0,6,26,2,5
Senegal,2015-06-24,1.0,0.0,0.0,0.0,0,0.0,0.0,0.0,0.0,0.0,0.0,6,26,2,5
Senegal,2015-06-25,1.0,0.0,0.0,0.0,0,0.0,0.0,0.0,0.0,0.0,0.0,6,26,2,5
Senegal,2015-06-26,1.0,0.0,0.0,0.0,0,0.0,0.0,0.0,0.0,0.0,0.0,6,26,2,5
Senegal,2015-06-29,1.0,0.0,0.0,0.0,0,0.0,0.0,0.0,0.0,0.0,0.0,6,27,2,5
Senegal,2015-06-30,1.0,0.0,0.0,0.0,0,0.0,0.0,0.0,0.0,0.0,0.0,6,27,2,5
Senegal,2015-07-01,1.0,0.0,0.0,0.0,0,0.0,0.0,0.0,0.0,0.0,0.0,7,27,2,5
Senegal,2015-07-02,1.0,0.0,0.0,0.0,0,0.0,0.0,0.0,0.0,0.0,0.0,7,27,2,5
Senegal,2015-07-03,1.0,0.0,0.0,0.0,0,0.0,0.0,0.0,0.0,0.0,0.0,7,27,2,5
Senegal,2015-07-06,1.0,0.0,0.0,0.0,0,0.0,0.0,0.0,0.0,0.0,0.0,7,28,2,5
Senegal,2015-07-07,1.0,0.0,0.0,0.0,0,0.0,0.0,0.0,0.0,0.0,0.0,7,28,2,5
Senegal,2015-07-08,1.0,0.0,0.0,0.0,0,0.0,0.0,0.0,0.0,0.0,0.0,7,28,2,5
Senegal,2015-07-09,1.0,0.0,0.0,0.0,0,0.0,0.0,0.0,0.0,0.0,0.0,7,28,2,5
Senegal,2015-07-10,1.0,0.0,0.0,0.0,0,0.0,0.0,0.0,0.0,0.0,0.0,7,28,2,5
Senegal,2015-07-13,1.0,0.0,0.0,0.0,0,0.0,0.0,0.0,0.0,0.0,0.0,7,29,2,5
Senegal,2015-07-14,1.0,0.0,0.0,0.0,0,0.0,0.0,0.0,0.0,0.0,0.0,7,29,2,5
Senegal,2015-07-15,1.0,0.0,0.0,0.0,0,0.0,0.0,0.0,0.0,0.0,0.0,7,29,2,5
Senegal,2015-07-16,1.0,0.0,0.0,0.0,0,0.0,0.0,0.0,0.0,0.0,0.0,7,29,2,5
Senegal,2015-07-17,1.0,0.0,0.0,0.0,0,0.0,0.0,0.0,0.0,0.0,0.0,7,29,2,5
Senegal,2015-07-20,1.0,0.0,0.0,0.0,0,0.0,0.0,0.0,0.0,0.0,0.0,7,30,2,5
Senegal,2015-07-21,1.0,0.0,0.0,0.0,0,0.0,0.0,0.0,0.0,0.0,0.0,7,30,2,5
Senegal,2015-07-22,1.0,0.0,0.0,0.0,0,0.0,0.0,0.0,0.0,0.0,0.0,7,30,2,5
Senegal,2015-07-23,1.0,0.0,0.0,0.0,0,0.0,0.0,0.0,0.0,0.0,0.0,7,30,2,5
Senegal,2015-07-24,1.0,0.0,0.0,0.0,0,0.0,0.0,0.0,0.0,0.0,0.0,7,30,2,5
Senegal,2015-07-27,1.0,0.0,0.0,0.0,0,0.0,0.0,0.0,0.0,0.0,0.0,7,31,2,5
Senegal,2015-07-28,1.0,0.0,0.0,0.0,0,0.0,0.0,0.0,0.0,0.0,0.0,7,31,2,5
Senegal,2015-07-29,1.0,0.0,0.0,0.0,0,0.0,0.0,0.0,0.0,0.0,0.0,7,31,2,5
Senegal,2015-07-30,1.0,0.0,0.0,0.0,0,0.0,0.0,0.0,0.0,0.0,0.0,7,31,2,5
Senegal,2015-07-31,1.0,0.0,0.0,0.0,0,0.0,0.0,0.0,0.0,0.0,0.0,7,31,2,5
Senegal,2015-08-03,1.0,0.0,0.0,0.0,0,0.0,0.0,0.0,0.0,0.0,0.0,8,32,2,5
Senegal,2015-08-04,1.0,0.0,0.0,0.0,0,0.0,0.0,0.0,0.0,0.0,0.0,8,32,2,5
Senegal,2015-08-05,1.0,0.0,0.0,0.0,0,0.0,0.0,0.0,0.0,0.0,0.0,8,32,2,5
Senegal,2015-08-06,1.0,0.0,0.0,0.0,0,0.0,0.0,0.0,0.0,0.0,0.0,8,32,2,5
Senegal,2015-08-07,1.0,0.0,0.0,0.0,0,0.0,0.0,0.0,0.0,0.0,0.0,8,32,2,5
Senegal,2015-08-10,1.0,0.0,0.0,0.0,0,0.0,0.0,0.0,0.0,0.0,0.0,8,33,2,5
Senegal,2015-08-11,1.0,0.0,0.0,0.0,0,0.0,0.0,0.0,0.0,0.0,0.0,8,33,2,5
Senegal,2015-08-12,1.0,0.0,0.0,0.0,0,0.0,0.0,0.0,0.0,0.0,0.0,8,33,2,5
Senegal,2015-08-13,1.0,0.0,0.0,0.0,0,0.0,0.0,0.0,0.0,0.0,0.0,8,33,2,5
Senegal,2015-08-14,1.0,0.0,0.0,0.0,0,0.0,0.0,0.0,0.0,0.0,0.0,8,33,2,5
Senegal,2015-08-17,1.0,0.0,0.0,0.0,0,0.0,0.0,0.0,0.0,0.0,0.0,8,34,2,5
Senegal,2015-08-18,1.0,0.0,0.0,0.0,0,0.0,0.0,0.0,0.0,0.0,0.0,8,34,2,5
Senegal,2015-08-19,1.0,0.0,0.0,0.0,0,0.0,0.0,0.0,0.0,0.0,0.0,8,34,2,5
Senegal,2015-08-20,1.0,0.0,0.0,0.0,0,0.0,0.0,0.0,0.0,0.0,0.0,8,34,2,5
Senegal,2015-08-21,1.0,0.0,0.0,0.0,0,0.0,0.0,0.0,0.0,0.0,0.0,8,34,2,5
Senegal,2015-08-24,1.0,0.0,0.0,0.0,0,0.0,0.0,0.0,0.0,0.0,0.0,8,35,2,5
Senegal,2015-08-25,1.0,0.0,0.0,0.0,0,0.0,0.0,0.0,0.0,0.0,0.0,8,35,2,5
Senegal,2015-08-26,1.0,0.0,0.0,0.0,0,0.0,0.0,0.0,0.0,0.0,0.0,8,35,2,5
Senegal,2015-08-27,1.0,0.0,0.0,0.0,0,0.0,0.0,0.0,0.0,0.0,0.0,8,35,2,5
Senegal,2015-08-28,1.0,0.0,0.0,0.0,0,0.0,0.0,0.0,0.0,0.0,0.0,8,35,2,5
Senegal,2015-08-31,1.0,0.0,0.0,0.0,0,0.0,0.0,0.0,0.0,0.0,0.0,8,36,2,5
Senegal,2015-09-01,1.0,0.0,0.0,0.0,0,0.0,0.0,0.0,0.0,0.0,0.0,9,36,3,5
Senegal,2015-09-02,1.0,0.0,0.0,0.0,0,0.0,0.0,0.0,0.0,0.0,0.0,9,36,3,5
Senegal,2015-09-03,1.0,0.0,0.0,0.0,0,0.0,0.0,0.0,0.0,0.0,0.0,9,36,3,5
Senegal,2015-09-04,1.0,0.0,0.0,0.0,0,0.0,0.0,0.0,0.0,0.0,0.0,9,36,3,5
Senegal,2015-09-07,1.0,0.0,0.0,0.0,0,0.0,0.0,0.0,0.0,0.0,0.0,9,37,3,5
Senegal,2015-09-08,1.0,0.0,0.0,0.0,0,0.0,0.0,0.0,0.0,0.0,0.0,9,37,3,5
Senegal,2015-09-09,1.0,0.0,0.0,0.0,0,0.0,0.0,0.0,0.0,0.0,0.0,9,37,3,5
Senegal,2015-09-10,1.0,0.0,0.0,0.0,0,0.0,0.0,0.0,0.0,0.0,0.0,9,37,3,5
Senegal,2015-09-11,1.0,0.0,0.0,0.0,0,0.0,0.0,0.0,0.0,0.0,0.0,9,37,3,5
Senegal,2015-09-14,1.0,0.0,0.0,0.0,0,0.0,0.0,0.0,0.0,0.0,0.0,9,38,3,5
Senegal,2015-09-15,1.0,0.0,0.0,0.0,0,0.0,0.0,0.0,0.0,0.0,0.0,9,38,3,5
Senegal,2015-09-16,1.0,0.0,0.0,0.0,0,0.0,0.0,0.0,0.0,0.0,0.0,9,38,3,5
Senegal,2015-09-17,1.0,0.0,0.0,0.0,0,0.0,0.0,0.0,0.0,0.0,0.0,9,38,3,5
Senegal,2015-09-18,1.0,0.0,0.0,0.0,0,0.0,0.0,0.0,0.0,0.0,0.0,9,38,3,5
Senegal,2015-09-21,1.0,0.0,0.0,0.0,0,0.0,0.0,0.0,0.0,0.0,0.0,9,39,3,5
Senegal,2015-09-22,1.0,0.0,0.0,0.0,0,0.0,0.0,0.0,0.0,0.0,0.0,9,39,3,5
Senegal,2015-09-23,1.0,0.0,0.0,0.0,0,0.0,0.0,0.0,0.0,0.0,0.0,9,39,3,5
Senegal,2015-09-24,1.0,0.0,0.0,0.0,0,0.0,0.0,0.0,0.0,0.0,0.0,9,39,3,5
Senegal,2015-09-25,1.0,0.0,0.0,0.0,0,0.0,0.0,0.0,0.0,0.0,0.0,9,39,3,5
Senegal,2015-09-28,1.0,0.0,0.0,0.0,0,0.0,0.0,0.0,0.0,0.0,0.0,9,40,3,5
Senegal,2015-09-29,1.0,0.0,0.0,0.0,0,0.0,0.0,0.0,0.0,0.0,0.0,9,40,3,5
Senegal,2015-09-30,1.0,0.0,0.0,0.0,0,0.0,0.0,0.0,0.0,0.0,0.0,9,40,3,5
Senegal,2015-10-01,1.0,0.0,0.0,0.0,0,0.0,0.0,0.0,0.0,0.0,0.0,10,40,3,5
Senegal,2015-10-02,1.0,0.0,0.0,0.0,0,0.0,0.0,0.0,0.0,0.0,0.0,10,40,3,5
Senegal,2015-10-05,1.0,0.0,0.0,0.0,0,0.0,0.0,0.0,0.0,0.0,0.0,10,41,3,5
Senegal,2015-10-06,1.0,0.0,0.0,0.0,0,0.0,0.0,0.0,0.0,0.0,0.0,10,41,3,5
Senegal,2015-10-07,1.0,0.0,0.0,0.0,0,0.0,0.0,0.0,0.0,0.0,0.0,10,41,3,5
Senegal,2015-10-08,1.0,0.0,0.0,0.0,0,0.0,0.0,0.0,0.0,0.0,0.0,10,41,3,5
Senegal,2015-10-09,1.0,0.0,0.0,0.0,0,0.0,0.0,0.0,0.0,0.0,0.0,10,41,3,5
Senegal,2015-10-13,1.0,0.0,0.0,0.0,0,0.0,0.0,0.0,0.0,0.0,0.0,10,42,3,5
Senegal,2015-10-15,1.0,0.0,0.0,0.0,0,0.0,0.0,0.0,0.0,0.0,0.0,10,42,3,5
Senegal,2015-10-16,1.0,0.0,0.0,0.0,0,0.0,0.0,0.0,0.0,0.0,0.0,10,42,3,5
Senegal,2015-10-20,1.0,0.0,0.0,0.0,0,0.0,0.0,0.0,0.0,0.0,0.0,10,43,3,5
Senegal,2015-10-22,1.0,0.0,0.0,0.0,0,0.0,0.0,0.0,0.0,0.0,0.0,10,43,3,5
Senegal,2015-10-23,1.0,0.0,0.0,0.0,0,0.0,0.0,0.0,0.0,0.0,0.0,10,43,3,5
Senegal,2015-10-26,1.0,0.0,0.0,0.0,0,0.0,0.0,0.0,0.0,0.0,0.0,10,44,3,5
Senegal,2015-10-27,1.0,0.0,0.0,0.0,0,0.0,0.0,0.0,0.0,0.0,0.0,10,44,3,5
Senegal,2015-10-29,1.0,0.0,0.0,0.0,0,0.0,0.0,0.0,0.0,0.0,0.0,10,44,3,5
Senegal,2015-10-30,1.0,0.0,0.0,0.0,0,0.0,0.0,0.0,0.0,0.0,0.0,10,44,3,5
Senegal,2015-11-03,1.0,0.0,0.0,0.0,0,0.0,0.0,0.0,0.0,0.0,0.0,11,45,3,5
Senegal,2015-11-05,1.0,0.0,0.0,0.0,0,0.0,0.0,0.0,0.0,0.0,0.0,11,45,3,5
Senegal,2015-11-06,1.0,0.0,0.0,0.0,0,0.0,0.0,0.0,0.0,0.0,0.0,11,45,3,5
Senegal,2015-11-10,1.0,0.0,0.0,0.0,0,0.0,0.0,0.0,0.0,0.0,0.0,11,46,3,5
Senegal,2015-11-11,1.0,0.0,0.0,0.0,0,0.0,0.0,0.0,0.0,0.0,0.0,11,46,3,5
Senegal,2015-11-12,1.0,0.0,0.0,0.0,0,0.0,0.0,0.0,0.0,0.0,0.0,11,46,3,5
Senegal,2015-11-16,1.0,0.0,0.0,0.0,0,0.0,0.0,0.0,0.0,0.0,0.0,11,47,3,5
Senegal,2015-11-17,1.0,0.0,0.0,0.0,0,0.0,0.0,0.0,0.0,0.0,0.0,11,47,3,5
Senegal,2015-11-20,1.0,0.0,0.0,0.0,0,0.0,0.0,0.0,0.0,0.0,0.0,11,47,3,5
Senegal,2015-11-24,1.0,0.0,0.0,0.0,0,0.0,0.0,0.0,0.0,0.0,0.0,11,48,3,5
Senegal,2015-11-26,1.0,0.0,0.0,0.0,0,0.0,0.0,0.0,0.0,0.0,0.0,11,48,3,5
Senegal,2015-12-01,1.0,0.0,0.0,0.0,0,0.0,0.0,0.0,0.0,0.0,0.0,12,49,0,5
Senegal,2015-12-02,1.0,0.0,0.0,0.0,0,0.0,0.0,0.0,0.0,0.0,0.0,12,49,0,5
Senegal,2015-12-03,1.0,0.0,0.0,0.0,0,0.0,0.0,0.0,0.0,0.0,0.0,12,49,0,5
Senegal,2015-12-09,1.0,0.0,0.0,0.0,0,0.0,0.0,0.0,0.0,0.0,0.0,12,50,0,5
Senegal,2015-12-10,1.0,0.0,0.0,0.0,0,0.0,0.0,0.0,0.0,0.0,0.0,12,50,0,5
Senegal,2015-12-11,1.0,0.0,0.0,0.0,0,0.0,0.0,0.0,0.0,0.0,0.0,12,50,0,5
Senegal,2015-12-15,1.0,0.0,0.0,0.0,0,0.0,0.0,0.0,0.0,0.0,0.0,12,51,0,5
Senegal,2015-12-16,1.0,0.0,0.0,0.0,0,0.0,0.0,0.0,0.0,0.0,0.0,12,51,0,5
Senegal,2015-12-17,1.0,0.0,0.0,0.0,0,0.0,0.0,0.0,0.0,0.0,0.0,12,51,0,5
Senegal,2015-12-22,1.0,0.0,0.0,0.0,0,0.0,0.0,0.0,0.0,0.0,0.0,12,52,0,5
Senegal,2015-12-23,1.0,0.0,0.0,0.0,0,0.0,0.0,0.0,0.0,0.0,0.0,12,52,0,5
Senegal,2015-12-29,1.0,0.0,0.0,0.0,0,0.0,0.0,0.0,0.0,0.0,0.0,12,53,0,5
Senegal,2016-03-23,1.0,0.0,0.0,0.0,0,0.0,0.0,0.0,0.0,0.0,0.0,3,12,1,5
Sierra Leone,2014-08-29,1026.0,422.0,1026.0,1026.0,0,,,,1026.0,0.0,0.0,8,35,2,6
Sierra Leone,2014-09-05,1261.0,491.0,235.0,630.5,0,1026.0,,,1026.0,559.3214639185591,-0.7709551656920078,9,36,3,6
Sierra Leone,2014-09-08,1361.0,509.0,100.0,453.6666666666667,0,235.0,1026.0,,1026.0,500.23028030431476,-0.574468085106383,9,37,3,6
Sierra Leone,2014-09-12,1424.0,524.0,63.0,356.0,0,100.0,235.0,1026.0,1026.0,452.74201631098185,-0.37,9,37,3,6
Sierra Leone,2014-09-16,1620.0,562.0,196.0,148.5,0,63.0,100.0,235.0,235.0,80.4176597520718,2.111111111111111,9,38,3,6
Sierra Leone,2014-09-18,1673.0,562.0,53.0,103.0,0,196.0,63.0,100.0,196.0,65.21247324451554,-0.7295918367346939,9,38,3,6
Sierra Leone,2014-09-22,1813.0,593.0,140.0,113.0,0,53.0,196.0,63.0,196.0,67.62149559619822,1.641509433962264,9,39,3,6
Sierra Leone,2014-09-24,1940.0,597.0,127.0,129.0,0,140.0,53.0,196.0,196.0,58.850092041842395,-0.09285714285714286,9,39,3,6
Sierra Leone,2014-09-26,2021.0,605.0,81.0,100.25,0,127.0,140.0,53.0,140.0,40.409363601356745,-0.36220472440944884,9,39,3,6
Sierra Leone,2014-10-01,2304.0,622.0,283.0,157.75,0,81.0,127.0,140.0,283.0,87.25202958479908,2.493827160493827,10,40,3,6
Sierra Leone,2014-10-03,2437.0,623.0,133.0,156.0,0,283.0,81.0,127.0,283.0,87.79521627059181,-0.5300353356890459,10,40,3,6
Sierra Leone,2014-10-08,2789.0,879.0,352.0,212.25,0,133.0,283.0,81.0,352.0,126.54742194134178,1.6466165413533833,10,41,3,6
Sierra Leone,2014-10-10,2950.0,930.0,161.0,232.25,0,352.0,133.0,283.0,352.0,103.02548228472406,-0.5426136363636364,10,41,3,6
Sierra Leone,2014-10-15,3252.0,1183.0,302.0,237.0,0,161.0,352.0,133.0,352.0,106.52386274132816,0.8757763975155279,10,42,3,6
Sierra Leone,2014-10-17,3410.0,1200.0,158.0,243.25,0,302.0,161.0,352.0,352.0,98.84457496494176,-0.4768211920529801,10,42,3,6
Sierra Leone,2014-10-22,3706.0,1259.0,296.0,229.25,0,158.0,302.0,161.0,302.0,80.58690960695782,0.8734177215189873,10,43,3,6
Sierra Leone,2014-10-25,3896.0,1281.0,190.0,236.5,0,296.0,158.0,302.0,302.0,73.38255923582926,-0.3581081081081081,10,43,3,6
Sierra Leone,2014-10-29,5235.0,1500.0,1339.0,495.75,1,190.0,296.0,158.0,1339.0,565.2517875543016,6.0473684210526315,10,44,3,6
Sierra Leone,2014-10-31,5338.0,1510.0,103.0,482.0,0,1339.0,190.0,296.0,1339.0,576.7581815631227,-0.9230769230769231,10,44,3,6
Sierra Leone,2014-11-05,4759.0,1070.0,0.0,408.0,0,103.0,1339.0,190.0,1339.0,625.5061950132869,-1.0,11,45,3,6
Sierra Leone,2014-11-07,4862.0,1130.0,103.0,386.25,0,0.0,103.0,1339.0,1339.0,637.0198191579285,10.0,11,45,3,6
Sierra Leone,2014-11-12,5368.0,1169.0,506.0,178.0,1,103.0,0.0,103.0,506.0,223.9925594002325,3.9126213592233006,11,46,3,6
Sierra Leone,2014-11-14,5586.0,1187.0,218.0,206.75,0,506.0,103.0,0.0,506.0,218.4694868091805,-0.5691699604743083,11,46,3,6
Sierra Leone,2014-11-19,6073.0,1250.0,487.0,328.5,0,218.0,506.0,103.0,506.0,199.74066519698323,1.2339449541284404,11,47,3,6
Sierra Leone,2014-11-21,6190.0,1267.0,117.0,332.0,0,487.0,218.0,506.0,506.0,194.5267762203103,-0.7597535934291582,11,47,3,6
Sierra Leone,2014-11-26,6599.0,1398.0,409.0,307.75,0,117.0,487.0,218.0,487.0,170.12030057187965,2.4957264957264957,11,48,3,6
Sierra Leone,2014-12-01,7109.0,1530.0,510.0,380.75,0,409.0,117.0,487.0,510.0,181.06789702576583,0.24694376528117368,12,49,0,6
Sierra Leone,2014-12-03,7312.0,1583.0,203.0,309.75,0,510.0,409.0,117.0,510.0,181.1985559177188,-0.6019607843137256,12,49,0,6
Sierra Leone,2014-12-10,7897.0,1768.0,585.0,426.75,0,203.0,510.0,409.0,585.0,165.6831816047322,1.8817733990147785,12,50,0,6
Sierra Leone,2014-12-15,8273.0,2033.0,376.0,418.5,0,585.0,203.0,510.0,585.0,167.67130543616182,-0.3572649572649572,12,51,0,6
Sierra Leone,2014-12-17,8356.0,2085.0,83.0,311.75,0,376.0,585.0,203.0,585.0,218.2863180931564,-0.7792553191489362,12,51,0,6
Sierra Leone,2014-12-22,8939.0,2556.0,583.0,406.75,0,83.0,376.0,585.0,585.0,237.06310692865446,6.024096385542169,12,52,0,6
Sierra Leone,2014-12-23,9004.0,2582.0,65.0,276.75,0,583.0,83.0,376.0,583.0,249.00920331050685,-0.8885077186963979,12,52,0,6
Sierra Leone,2014-12-24,9004.0,2582.0,0.0,182.75,0,65.0,583.0,83.0,583.0,269.20422854529363,-1.0,12,52,0,6
Sierra Leone,2014-12-26,9203.0,2655.0,199.0,211.75,0,0.0,65.0,583.0,583.0,260.99984035755017,10.0,12,52,0,6
Sierra Leone,2014-12-29,9409.0,2732.0,206.0,117.5,0,199.0,0.0,65.0,206.0,101.71365034579512,0.035175879396984966,12,1,0,6
Sierra Leone,2014-12-30,9446.0,2758.0,37.0,110.5,0,206.0,199.0,0.0,206.0,107.3390267641116,-0.8203883495145631,12,1,0,6
Sierra Leone,2014-12-31,9446.0,2758.0,0.0,110.5,0,37.0,206.0,199.0,206.0,107.3390267641116,-1.0,12,1,0,6
Sierra Leone,2015-01-02,9633.0,2827.0,187.0,107.5,0,0.0,37.0,206.0,206.0,104.16173321650646,10.0,1,1,0,6
Sierra Leone,2015-01-05,9772.0,2915.0,139.0,90.75,0,187.0,0.0,37.0,187.0,87.01867615632865,-0.25668449197860965,1,2,0,6
Sierra Leone,2015-01-06,9780.0,2943.0,8.0,83.5,0,139.0,187.0,0.0,187.0,93.92372792147182,-0.9424460431654677,1,2,0,6
Sierra Leone,2015-01-07,9780.0,2943.0,0.0,83.5,0,8.0,139.0,187.0,187.0,93.92372792147182,-1.0,1,2,0,6
Sierra Leone,2015-01-08,10030.0,2977.0,250.0,99.25,1,0.0,8.0,139.0,250.0,118.99964985942886,10.0,1,2,0,6
Sierra Leone,2015-01-09,10030.0,2977.0,0.0,64.5,0,250.0,0.0,8.0,250.0,123.72415555042866,-1.0,1,2,0,6
Sierra Leone,2015-01-12,10094.0,3049.0,64.0,78.5,0,0.0,250.0,0.0,250.0,118.24691680265212,10.0,1,3,0,6
Sierra Leone,2015-01-13,10094.0,3049.0,0.0,78.5,0,64.0,0.0,250.0,250.0,118.24691680265212,-1.0,1,3,0,6
Sierra Leone,2015-01-14,10124.0,3062.0,30.0,23.5,0,0.0,64.0,0.0,64.0,30.47950130825637,10.0,1,3,0,6
Sierra Leone,2015-01-15,10150.0,3067.0,26.0,30.0,0,30.0,0.0,64.0,64.0,26.280537792569397,-0.1333333333333333,1,3,0,6
Sierra Leone,2015-01-16,10186.0,3083.0,36.0,23.0,0,26.0,30.0,0.0,36.0,15.874507866387594,0.3846153846153846,1,3,0,6
Sierra Leone,2015-01-19,10306.0,3132.0,120.0,53.0,1,36.0,26.0,30.0,120.0,44.85532298401163,2.3333333333333335,1,4,0,6
Sierra Leone,2015-01-20,10340.0,3145.0,34.0,54.0,0,120.0,36.0,26.0,120.0,44.21161235090469,-0.7166666666666667,1,4,0,6
Sierra Leone,2015-01-21,10340.0,3145.0,0.0,47.5,0,34.0,120.0,36.0,120.0,51.07837115648855,-1.0,1,4,0,6
Sierra Leone,2015-01-22,10362.0,3153.0,22.0,44.0,0,0.0,34.0,120.0,120.0,52.586436781106734,10.0,1,4,0,6
Sierra Leone,2015-01-23,10400.0,3159.0,38.0,23.5,0,22.0,0.0,34.0,38.0,17.078251276599385,0.7272727272727273,1,4,0,6
Sierra Leone,2015-01-26,10491.0,3195.0,91.0,37.75,1,38.0,22.0,0.0,91.0,38.76746918057289,1.3947368421052633,1,5,0,6
Sierra Leone,2015-01-27,10518.0,3199.0,27.0,44.5,0,91.0,38.0,22.0,91.0,31.71224789677749,-0.7032967032967032,1,5,0,6
Sierra Leone,2015-01-28,10518.0,3199.0,0.0,39.0,0,27.0,91.0,38.0,91.0,38.16630276391294,-1.0,1,5,0,6
Sierra Leone,2015-01-29,10537.0,3207.0,19.0,34.25,0,0.0,27.0,91.0,91.0,39.49156027980327,10.0,1,5,0,6
Sierra Leone,2015-01-30,10561.0,3216.0,24.0,17.5,0,19.0,0.0,27.0,27.0,12.124355652982208,0.26315789473684204,1,5,0,6
Sierra Leone,2015-02-02,10707.0,3274.0,146.0,47.25,1,24.0,19.0,0.0,146.0,66.64020308092306,5.083333333333333,2,6,0,6
Sierra Leone,2015-02-03,10740.0,3276.0,33.0,55.5,0,146.0,24.0,19.0,146.0,60.610780119271425,-0.773972602739726,2,6,0,6
Sierra Leone,2015-02-04,10740.0,3276.0,0.0,50.75,0,33.0,146.0,24.0,146.0,65.00961467352349,-1.0,2,6,0,6
Sierra Leone,2015-02-05,10756.0,3286.0,16.0,48.75,0,0.0,33.0,146.0,146.0,66.21870329949589,10.0,2,6,0,6
Sierra Leone,2015-02-06,10792.0,3301.0,36.0,21.25,0,16.0,0.0,33.0,36.0,16.680827317612327,1.25,2,6,0,6
Sierra Leone,2015-02-10,10934.0,3341.0,142.0,48.5,1,36.0,16.0,0.0,142.0,64.04946005497108,2.9444444444444446,2,7,0,6
Sierra Leone,2015-02-11,10934.0,3341.0,0.0,48.5,0,142.0,36.0,16.0,142.0,64.04946005497108,-1.0,2,7,0,6
Sierra Leone,2015-02-12,10954.0,3350.0,20.0,49.5,0,0.0,142.0,36.0,142.0,63.40084121418791,10.0,2,7,0,6
Sierra Leone,2015-02-13,10987.0,3363.0,33.0,48.75,0,20.0,0.0,142.0,142.0,63.63109826701617,0.6499999999999999,2,7,0,6
Sierra Leone,2015-02-16,11074.0,3401.0,87.0,35.0,1,33.0,20.0,0.0,87.0,37.2290209379726,1.6363636363636362,2,8,0,6
Sierra Leone,2015-02-17,11103.0,3408.0,29.0,42.25,0,87.0,33.0,20.0,87.0,30.32463245174351,-0.6666666666666667,2,8,0,6
Sierra Leone,2015-02-18,11103.0,3408.0,0.0,37.25,0,29.0,87.0,33.0,87.0,36.2801598673435,-1.0,2,8,0,6
Sierra Leone,2015-02-19,11155.0,3423.0,52.0,42.0,0,0.0,29.0,87.0,87.0,36.77861697599121,10.0,2,8,0,6
Sierra Leone,2015-02-20,11155.0,3423.0,0.0,20.25,0,52.0,0.0,29.0,52.0,25.197552791226943,-1.0,2,8,0,6
Sierra Leone,2015-02-23,11155.0,3423.0,0.0,13.0,0,0.0,52.0,0.0,52.0,26.000000000000043,0.0,2,9,0,6
Sierra Leone,2015-02-25,11301.0,3461.0,146.0,49.5,1,0.0,0.0,52.0,146.0,68.84523706594864,10.0,2,9,0,6
Sierra Leone,2015-02-26,11341.0,3479.0,40.0,46.5,0,146.0,0.0,0.0,146.0,68.96134182762593,-0.726027397260274,2,9,0,6
Sierra Leone,2015-02-27,11370.0,3490.0,29.0,53.75,0,40.0,146.0,0.0,146.0,63.772381691972804,-0.275,2,9,0,6
Sierra Leone,2015-03-02,11443.0,3530.0,73.0,72.0,0,29.0,40.0,146.0,146.0,52.757305971148064,1.5172413793103448,3,10,1,6
Sierra Leone,2015-03-04,11443.0,3530.0,0.0,35.5,0,73.0,29.0,40.0,73.0,30.1606808057555,-1.0,3,10,1,6
Sierra Leone,2015-03-05,11497.0,3565.0,54.0,39.0,0,0.0,73.0,29.0,73.0,31.633315770982154,10.0,3,10,1,6
Sierra Leone,2015-03-06,11517.0,3576.0,20.0,36.75,0,54.0,0.0,73.0,73.0,32.877297131404646,-0.6296296296296297,3,10,1,6
Sierra Leone,2015-03-10,11619.0,3629.0,102.0,44.0,1,20.0,54.0,0.0,102.0,44.631827208842815,4.1,3,11,1,6
Sierra Leone,2015-03-11,11619.0,3629.0,0.0,44.0,0,102.0,20.0,54.0,102.0,44.631827208842815,-1.0,3,11,1,6
Sierra Leone,2015-03-12,11677.0,3655.0,58.0,45.0,0,0.0,102.0,20.0,102.0,44.974066601394505,10.0,3,11,1,6
Sierra Leone,2015-03-13,11696.0,3663.0,19.0,44.75,0,58.0,0.0,102.0,102.0,45.16174634946411,-0.6724137931034483,3,11,1,6
Sierra Leone,2015-03-16,11742.0,3687.0,46.0,30.75,0,19.0,58.0,0.0,58.0,26.196373794859507,1.4210526315789473,3,12,1,6
Sierra Leone,2015-03-17,11751.0,3691.0,9.0,33.0,0,46.0,19.0,58.0,58.0,22.84731931759177,-0.8043478260869565,3,12,1,6
Sierra Leone,2015-03-18,11751.0,3691.0,0.0,18.5,0,9.0,46.0,19.0,46.0,19.908122295518865,-1.0,3,12,1,6
Sierra Leone,2015-03-20,11794.0,3712.0,43.0,24.5,0,0.0,9.0,46.0,46.0,23.416518386244682,10.0,3,12,1,6
Sierra Leone,2015-03-23,11829.0,3742.0,35.0,21.75,0,43.0,0.0,9.0,43.0,20.516253719104483,-0.18604651162790697,3,13,1,6
Sierra Leone,2015-03-24,11841.0,3747.0,12.0,22.5,0,35.0,43.0,0.0,43.0,19.941581348194745,-0.6571428571428571,3,13,1,6
Sierra Leone,2015-03-25,11841.0,3747.0,0.0,22.5,0,12.0,35.0,43.0,43.0,19.941581348194745,-1.0,3,13,1,6
Sierra Leone,2015-03-26,11866.0,3764.0,25.0,18.0,0,0.0,12.0,35.0,35.0,15.253414918196796,10.0,3,13,1,6
Sierra Leone,2015-03-27,11889.0,3773.0,23.0,15.0,0,25.0,0.0,12.0,25.0,11.518101695447413,-0.07999999999999996,3,13,1,6
Sierra Leone,2015-04-07,12139.0,3832.0,250.0,74.5,1,23.0,25.0,0.0,250.0,117.54857152116597,9.869565217391305,4,15,1,6
Sierra Leone,2015-04-09,12155.0,3841.0,16.0,78.5,0,250.0,23.0,25.0,250.0,114.39842656260619,-0.9359999999999999,4,15,1,6
Sierra Leone,2015-04-13,12188.0,3854.0,33.0,80.5,0,16.0,250.0,23.0,250.0,113.21513444176388,1.0625,4,16,1,6
Sierra Leone,2015-04-14,12201.0,3857.0,13.0,78.0,0,33.0,16.0,250.0,250.0,115.00434774390054,-0.6060606060606061,4,16,1,6
Sierra Leone,2015-04-15,12201.0,3857.0,0.0,15.5,0,13.0,33.0,16.0,33.0,13.576941236277593,-1.0,4,16,1,6
Sierra Leone,2015-04-16,12223.0,3865.0,22.0,17.0,0,0.0,13.0,33.0,33.0,13.976170195491143,10.0,4,16,1,6
Sierra Leone,2015-04-17,12244.0,3865.0,21.0,14.0,0,22.0,0.0,13.0,22.0,10.165300454651348,-0.045454545454545414,4,16,1,6
Sierra Leone,2015-04-20,12256.0,3872.0,12.0,13.75,0,21.0,22.0,0.0,22.0,10.210288928331146,-0.4285714285714286,4,17,1,6
Sierra Leone,2015-04-21,12265.0,3877.0,9.0,16.0,0,12.0,21.0,22.0,22.0,6.480740698407984,-0.25,4,17,1,6
Sierra Leone,2015-04-22,12267.0,3877.0,2.0,11.0,0,9.0,12.0,21.0,21.0,7.874007874011909,-0.7777777777777778,4,17,1,6
Sierra Leone,2015-04-23,12294.0,3885.0,27.0,12.5,1,2.0,9.0,12.0,27.0,10.535653752852813,10.0,4,17,1,6
Sierra Leone,2015-04-24,12313.0,3886.0,19.0,14.25,0,27.0,2.0,9.0,27.0,10.996211468804528,-0.2962962962962963,4,17,1,6
Sierra Leone,2015-04-27,12362.0,3895.0,49.0,24.25,1,19.0,27.0,2.0,49.0,19.517086531208196,1.5789473684210527,4,18,1,6
Sierra Leone,2015-04-28,12371.0,3899.0,9.0,26.0,0,49.0,19.0,27.0,49.0,17.009801096230813,-0.8163265306122449,4,18,1,6
Sierra Leone,2015-04-30,12387.0,3901.0,16.0,23.25,0,9.0,49.0,19.0,49.0,17.670597047072338,0.7777777777777777,4,18,1,6
Sierra Leone,2015-05-01,12398.0,3901.0,11.0,21.25,0,16.0,9.0,49.0,49.0,18.732769861039458,-0.3125,5,18,1,6
Sierra Leone,2015-05-04,12426.0,3902.0,28.0,16.0,0,11.0,16.0,9.0,28.0,8.52447456836304,1.5454545454545454,5,19,1,6
Sierra Leone,2015-05-05,12440.0,3903.0,14.0,17.25,0,28.0,11.0,16.0,28.0,7.45542308211512,-0.5,5,19,1,6
Sierra Leone,2015-05-06,12440.0,3903.0,0.0,13.25,0,14.0,28.0,11.0,28.0,11.528949070347574,-1.0,5,19,1,6
Sierra Leone,2015-05-07,12470.0,3904.0,30.0,18.0,0,0.0,14.0,28.0,30.0,13.952299690970957,10.0,5,19,1,6
Sierra Leone,2015-05-08,12492.0,3904.0,22.0,16.5,0,30.0,0.0,14.0,30.0,12.793227374930387,-0.2666666666666667,5,19,1,6
Sierra Leone,2015-05-11,12519.0,3904.0,27.0,19.75,0,22.0,30.0,0.0,30.0,13.573871960498286,0.2272727272727273,5,20,1,6
Sierra Leone,2015-05-12,12523.0,3904.0,4.0,20.75,0,27.0,22.0,30.0,30.0,11.64402564980578,-0.8518518518518519,5,20,1,6
Sierra Leone,2015-05-13,12519.0,3904.0,0.0,13.25,0,4.0,27.0,22.0,27.0,13.250786140200695,-1.0,5,20,1,6
Sierra Leone,2015-05-14,12536.0,3904.0,17.0,12.0,0,0.0,4.0,27.0,27.0,12.355835328567153,10.0,5,20,1,6
Sierra Leone,2015-05-15,12540.0,3904.0,4.0,6.25,0,17.0,0.0,4.0,17.0,7.410578025138667,-0.7647058823529411,5,20,1,6
Sierra Leone,2015-05-18,12593.0,3906.0,53.0,18.5,1,4.0,17.0,0.0,53.0,24.11776661854634,10.0,5,21,1,6
Sierra Leone,2015-05-19,12632.0,3907.0,39.0,28.25,0,53.0,4.0,17.0,53.0,21.929812280698354,-0.26415094339622647,5,21,1,6
Sierra Leone,2015-05-20,12632.0,3907.0,0.0,24.0,0,39.0,53.0,4.0,53.0,26.08958923913269,-1.0,5,21,1,6
Sierra Leone,2015-05-21,12656.0,3907.0,24.0,29.0,0,0.0,39.0,53.0,53.0,22.671568097509304,10.0,5,21,1,6
Sierra Leone,2015-05-22,12666.0,3907.0,10.0,18.25,0,24.0,0.0,39.0,39.0,16.977926846349686,-0.5833333333333333,5,21,1,6
Sierra Leone,2015-05-25,12696.0,3908.0,30.0,16.0,0,10.0,24.0,0.0,30.0,13.564659966250588,2.0,5,22,1,6
Sierra Leone,2015-05-26,12706.0,3908.0,10.0,18.5,0,30.0,10.0,24.0,30.0,10.115993936995752,-0.6666666666666667,5,22,1,6
Sierra Leone,2015-05-27,12706.0,3908.0,0.0,12.5,0,10.0,30.0,10.0,30.0,12.58305739211797,-1.0,5,22,1,6
Sierra Leone,2015-05-28,12735.0,3911.0,29.0,17.25,0,0.0,10.0,30.0,30.0,14.728091073410297,10.0,5,22,1,6
Sierra Leone,2015-05-29,12745.0,3911.0,10.0,12.25,0,29.0,0.0,10.0,29.0,12.120918557051194,-0.6551724137931034,5,22,1,6
Sierra Leone,2015-06-01,12816.0,3911.0,71.0,27.5,1,10.0,29.0,0.0,71.0,31.3953287395859,6.1,6,23,2,6
Sierra Leone,2015-06-02,12827.0,3912.0,11.0,30.25,0,71.0,10.0,29.0,71.0,28.53506614676058,-0.8450704225352113,6,23,2,6
Sierra Leone,2015-06-03,12827.0,3912.0,0.0,23.0,0,11.0,71.0,10.0,71.0,32.38312317653546,-1.0,6,23,2,6
Sierra Leone,2015-06-04,12850.0,3912.0,23.0,26.25,0,0.0,11.0,71.0,71.0,31.27698834606685,10.0,6,23,2,6
Sierra Leone,2015-06-05,12859.0,3912.0,9.0,10.75,0,23.0,0.0,11.0,23.0,9.464847243000525,-0.6086956521739131,6,23,2,6
Sierra Leone,2015-06-08,12884.0,3913.0,25.0,14.25,0,9.0,23.0,0.0,25.0,11.870832602082638,1.7777777777777777,6,24,2,6
Sierra Leone,2015-06-09,12901.0,3915.0,17.0,18.5,0,25.0,9.0,23.0,25.0,7.18795288428271,-0.31999999999999995,6,24,2,6
Sierra Leone,2015-06-10,12901.0,3915.0,0.0,12.75,0,17.0,25.0,9.0,25.0,10.719919153924065,-1.0,6,24,2,6
Sierra Leone,2015-06-11,12911.0,3917.0,10.0,13.0,0,0.0,17.0,25.0,25.0,10.614455552060504,10.0,6,24,2,6
Sierra Leone,2015-06-12,12932.0,3917.0,21.0,12.0,0,10.0,0.0,17.0,21.0,9.201449161228247,1.1,6,24,2,6
Sierra Leone,2015-06-15,12962.0,3919.0,30.0,15.25,0,21.0,10.0,0.0,30.0,13.047988350699944,0.4285714285714286,6,25,2,6
Sierra Leone,2015-06-16,12965.0,3919.0,3.0,16.0,0,30.0,21.0,10.0,30.0,11.916375287813045,-0.9,6,25,2,6
Sierra Leone,2015-06-17,12965.0,3919.0,0.0,13.5,0,3.0,30.0,21.0,30.0,14.387494569938205,-1.0,6,25,2,6
Sierra Leone,2015-06-18,12990.0,3922.0,25.0,14.5,0,0.0,3.0,30.0,30.0,15.19868415357071,10.0,6,25,2,6
Sierra Leone,2015-06-19,13012.0,3926.0,22.0,12.5,0,25.0,0.0,3.0,25.0,12.819256348686327,-0.12,6,25,2,6
Sierra Leone,2015-06-22,13051.0,3928.0,39.0,21.5,0,22.0,25.0,0.0,39.0,16.134848413707978,0.7727272727272727,6,26,2,6
Sierra Leone,2015-06-23,13059.0,3928.0,8.0,23.5,0,39.0,22.0,25.0,39.0,12.714820748507162,-0.7948717948717949,6,26,2,6
Sierra Leone,2015-06-24,13059.0,3928.0,0.0,17.25,0,8.0,39.0,22.0,39.0,17.114808402861776,-1.0,6,26,2,6
Sierra Leone,2015-06-25,13083.0,3931.0,24.0,17.75,0,0.0,8.0,39.0,39.0,17.3277234511635,10.0,6,26,2,6
Sierra Leone,2015-06-26,13093.0,3931.0,10.0,10.5,0,24.0,0.0,8.0,24.0,9.983319421248025,-0.5833333333333333,6,26,2,6
Sierra Leone,2015-06-29,13115.0,3932.0,22.0,14.0,0,10.0,24.0,0.0,24.0,11.19523708249784,1.2000000000000002,6,27,2,6
Sierra Leone,2015-06-30,13119.0,3932.0,4.0,15.0,0,22.0,10.0,24.0,24.0,9.591663046625515,-0.8181818181818181,6,27,2,6
Sierra Leone,2015-07-01,13119.0,3932.0,0.0,9.0,0,4.0,22.0,10.0,22.0,9.591663046625508,-1.0,7,27,2,6
Sierra Leone,2015-07-02,13129.0,3933.0,10.0,9.0,0,0.0,4.0,22.0,22.0,9.591663046625508,10.0,7,27,2,6
Sierra Leone,2015-07-03,13135.0,3935.0,6.0,5.0,0,10.0,0.0,4.0,10.0,4.163331998932416,-0.4,7,27,2,6
Sierra Leone,2015-07-06,13150.0,3940.0,15.0,7.75,0,6.0,10.0,0.0,15.0,6.344288770224862,1.5,7,28,2,6
Sierra Leone,2015-07-07,13155.0,3940.0,5.0,9.0,0,15.0,6.0,10.0,15.0,4.546060565662097,-0.6666666666666667,7,28,2,6
Sierra Leone,2015-07-08,13155.0,3940.0,0.0,6.5,0,5.0,15.0,6.0,15.0,6.2449979983985004,-1.0,7,28,2,6
Sierra Leone,2015-07-09,13169.0,3941.0,14.0,8.5,0,0.0,5.0,15.0,15.0,7.234178138070326,10.0,7,28,2,6
Sierra Leone,2015-07-10,13177.0,3941.0,8.0,6.75,0,14.0,0.0,5.0,14.0,5.852349955359921,-0.4285714285714286,7,28,2,6
Sierra Leone,2015-07-13,13201.0,3946.0,24.0,11.5,1,8.0,14.0,0.0,24.0,10.115993936995746,2.0,7,29,2,6
Sierra Leone,2015-07-14,13209.0,3947.0,8.0,13.5,0,24.0,8.0,14.0,24.0,7.549834435270842,-0.6666666666666667,7,29,2,6
Sierra Leone,2015-07-15,13209.0,3947.0,0.0,10.0,0,8.0,24.0,8.0,24.0,10.066445913694398,-1.0,7,29,2,6
Sierra Leone,2015-07-16,13209.0,3947.0,0.0,8.0,0,0.0,8.0,24.0,24.0,11.313708498984816,0.0,7,29,2,6
Sierra Leone,2015-07-17,13209.0,3947.0,0.0,2.0,0,0.0,0.0,8.0,8.0,4.000000000000146,0.0,7,29,2,6
Sierra Leone,2015-07-20,13241.0,3949.0,32.0,8.0,1,0.0,0.0,0.0,32.0,16.00000000000004,10.0,7,30,2,6
Sierra Leone,2015-07-21,13250.0,3949.0,9.0,10.25,0,32.0,0.0,0.0,32.0,15.107944929738172,-0.71875,7,30,2,6
Sierra Leone,2015-07-22,13250.0,3949.0,0.0,10.25,0,9.0,32.0,0.0,32.0,15.107944929738172,-1.0,7,30,2,6
Sierra Leone,2015-07-23,13262.0,3949.0,12.0,13.25,0,0.0,9.0,32.0,32.0,13.50000000000005,10.0,7,30,2,6
Sierra Leone,2015-07-24,13264.0,3949.0,2.0,5.75,0,12.0,0.0,9.0,12.0,5.67890834580038,-0.8333333333333334,7,30,2,6
Sierra Leone,2015-07-27,13283.0,3951.0,19.0,8.25,0,2.0,12.0,0.0,19.0,8.88350531415769,8.5,7,31,2,6
Sierra Leone,2015-07-28,13290.0,3951.0,7.0,10.0,0,19.0,2.0,12.0,19.0,7.257180352359169,-0.631578947368421,7,31,2,6
Sierra Leone,2015-07-29,13290.0,3951.0,0.0,7.0,0,7.0,19.0,2.0,19.0,8.52447456836302,-1.0,7,31,2,6
Sierra Leone,2015-07-30,13379.0,3951.0,89.0,28.75,1,0.0,7.0,19.0,89.0,40.92574576799632,10.0,7,31,2,6
Sierra Leone,2015-07-31,13387.0,3951.0,8.0,26.0,0,89.0,0.0,7.0,89.0,42.15052391924291,-0.9101123595505618,7,31,2,6
Sierra Leone,2015-08-03,13402.0,3951.0,15.0,28.0,0,8.0,89.0,0.0,89.0,41.125823193382224,0.875,8,32,2,6
Sierra Leone,2015-08-04,13406.0,3951.0,4.0,29.0,0,15.0,8.0,89.0,89.0,40.25750447639134,-0.7333333333333334,8,32,2,6
Sierra Leone,2015-08-05,13406.0,3951.0,0.0,6.75,0,4.0,15.0,8.0,15.0,6.396613687465254,-1.0,8,32,2,6
Sierra Leone,2015-08-06,13426.0,3951.0,20.0,9.75,0,0.0,4.0,15.0,20.0,9.322910847298063,10.0,8,32,2,6
Sierra Leone,2015-08-07,13428.0,3951.0,2.0,6.5,0,20.0,0.0,4.0,20.0,9.14694848934156,-0.9,8,32,2,6
Sierra Leone,2015-08-10,13465.0,3951.0,37.0,14.75,1,2.0,20.0,0.0,37.0,17.34694977990851,10.0,8,33,2,6
Sierra Leone,2015-08-11,13470.0,3951.0,5.0,16.0,0,37.0,2.0,20.0,37.0,16.062378404209053,-0.8648648648648649,8,33,2,6
Sierra Leone,2015-08-12,13470.0,3951.0,0.0,11.0,0,5.0,37.0,2.0,37.0,17.454703282114764,-1.0,8,33,2,6
Sierra Leone,2015-08-13,13484.0,3951.0,14.0,14.0,0,0.0,5.0,37.0,37.0,16.391054470859036,10.0,8,33,2,6
Sierra Leone,2015-08-14,13485.0,3952.0,1.0,5.0,0,14.0,0.0,5.0,14.0,6.377042156569753,-0.9285714285714286,8,33,2,6
Sierra Leone,2015-08-17,13489.0,3952.0,4.0,4.75,0,1.0,14.0,0.0,14.0,6.396613687465251,3.0,8,34,2,6
Sierra Leone,2015-08-18,13494.0,3952.0,5.0,6.0,0,4.0,1.0,14.0,14.0,5.597618541248992,0.25,8,34,2,6
Sierra Leone,2015-08-19,13494.0,3952.0,0.0,2.5,0,5.0,4.0,1.0,5.0,2.3804761428478454,-1.0,8,34,2,6
Sierra Leone,2015-08-20,13518.0,3952.0,24.0,8.25,1,0.0,5.0,4.0,24.0,10.719919153924057,10.0,8,34,2,6
Sierra Leone,2015-08-21,13533.0,3952.0,15.0,11.0,0,24.0,0.0,5.0,24.0,10.67707825203137,-0.375,8,34,2,6
Sierra Leone,2015-08-24,13538.0,3952.0,5.0,11.0,0,15.0,24.0,0.0,24.0,10.67707825203137,-0.6666666666666667,8,35,2,6
Sierra Leone,2015-08-25,13541.0,3952.0,3.0,11.75,0,5.0,15.0,24.0,24.0,9.708243919473865,-0.4,8,35,2,6
Sierra Leone,2015-08-26,13541.0,3952.0,0.0,5.75,0,3.0,5.0,15.0,15.0,6.500000000000091,-1.0,8,35,2,6
Sierra Leone,2015-08-27,13582.0,3952.0,41.0,12.25,1,0.0,3.0,5.0,41.0,19.27649691550139,10.0,8,35,2,6
Sierra Leone,2015-08-28,13586.0,3952.0,4.0,12.0,0,41.0,0.0,3.0,41.0,19.40790217067955,-0.9024390243902439,8,35,2,6
Sierra Leone,2015-08-31,13603.0,3953.0,17.0,15.5,0,4.0,41.0,0.0,41.0,18.4842275106824,3.25,8,36,2,6
Sierra Leone,2015-09-01,13609.0,3953.0,6.0,17.0,0,17.0,4.0,41.0,41.0,16.990193249832917,-0.6470588235294117,9,36,3,6
Sierra Leone,2015-09-02,13609.0,3953.0,0.0,6.75,0,6.0,17.0,4.0,17.0,7.274384280931815,-1.0,9,36,3,6
Sierra Leone,2015-09-03,13638.0,3953.0,29.0,13.0,1,0.0,6.0,17.0,29.0,12.780193008453928,10.0,9,36,3,6
Sierra Leone,2015-09-04,13639.0,3953.0,1.0,9.0,0,29.0,0.0,6.0,29.0,13.589211407093051,-0.9655172413793104,9,36,3,6
Sierra Leone,2015-09-07,13670.0,3953.0,31.0,15.25,1,1.0,29.0,0.0,31.0,17.056279391082573,10.0,9,37,3,6
Sierra Leone,2015-09-08,13683.0,3953.0,13.0,18.5,0,31.0,1.0,29.0,31.0,14.177446878757877,-0.5806451612903225,9,37,3,6
Sierra Leone,2015-09-09,13683.0,3953.0,0.0,11.25,0,13.0,31.0,1.0,31.0,14.430869689661856,-1.0,9,37,3,6
Sierra Leone,2015-09-10,13697.0,3953.0,14.0,14.5,0,0.0,13.0,31.0,31.0,12.714820748507154,10.0,9,37,3,6
Sierra Leone,2015-09-11,13701.0,3953.0,4.0,7.75,0,14.0,0.0,13.0,14.0,6.849574196011594,-0.7142857142857143,9,37,3,6
Sierra Leone,2015-09-14,13747.0,3953.0,46.0,16.0,1,4.0,14.0,0.0,46.0,20.84866102814922,10.0,9,38,3,6
Sierra Leone,2015-09-15,13756.0,3953.0,9.0,18.25,0,46.0,4.0,14.0,46.0,18.945096111307222,-0.8043478260869565,9,38,3,6
Sierra Leone,2015-09-16,13756.0,3953.0,0.0,14.75,0,9.0,46.0,4.0,46.0,21.156165374030678,-1.0,9,38,3,6
Sierra Leone,2015-09-17,13779.0,3955.0,23.0,19.5,0,0.0,9.0,46.0,46.0,20.041623354076588,10.0,9,38,3,6
Sierra Leone,2015-09-18,13785.0,3955.0,6.0,9.5,0,23.0,0.0,9.0,23.0,9.746794344809032,-0.7391304347826086,9,38,3,6
Sierra Leone,2015-09-21,13811.0,3955.0,26.0,13.75,0,6.0,23.0,0.0,26.0,12.711543310445618,3.333333333333333,9,39,3,6
Sierra Leone,2015-09-22,13823.0,3955.0,12.0,16.75,0,26.0,6.0,23.0,26.0,9.35859676091105,-0.5384615384615384,9,39,3,6
Sierra Leone,2015-09-23,13823.0,3955.0,0.0,11.0,0,12.0,26.0,6.0,26.0,11.135528725660105,-1.0,9,39,3,6
Sierra Leone,2015-09-24,13846.0,3955.0,23.0,15.25,0,0.0,12.0,26.0,26.0,11.814539065631582,10.0,9,39,3,6
Sierra Leone,2015-09-25,13855.0,3955.0,9.0,11.0,0,23.0,0.0,12.0,23.0,9.48683298050521,-0.6086956521739131,9,39,3,6
Sierra Leone,2015-09-28,13894.0,3955.0,39.0,17.75,1,9.0,23.0,0.0,39.0,17.036725037400863,3.333333333333333,9,40,3,6
Sierra Leone,2015-09-29,13911.0,3955.0,17.0,22.0,0,39.0,9.0,23.0,39.0,12.701705922171827,-0.5641025641025641,9,40,3,6
Sierra Leone,2015-09-30,13911.0,3955.0,0.0,16.25,0,17.0,39.0,9.0,39.0,16.68082731761232,-1.0,9,40,3,6
Sierra Leone,2015-10-01,13928.0,3955.0,17.0,18.25,0,0.0,17.0,39.0,39.0,15.986973864159996,10.0,10,40,3,6
Sierra Leone,2015-10-02,13931.0,3955.0,3.0,9.25,0,17.0,0.0,17.0,17.0,9.032349269892888,-0.8235294117647058,10,40,3,6
Sierra Leone,2015-10-05,13941.0,3955.0,10.0,7.5,0,3.0,17.0,0.0,17.0,7.593857166596426,2.3333333333333335,10,41,3,6
Sierra Leone,2015-10-06,13945.0,3955.0,4.0,8.5,0,10.0,3.0,17.0,17.0,6.454972243679126,-0.6,10,41,3,6
Sierra Leone,2015-10-07,13945.0,3955.0,0.0,4.25,0,4.0,10.0,3.0,10.0,4.1932485418031815,-1.0,10,41,3,6
Sierra Leone,2015-10-08,13956.0,3955.0,11.0,6.25,0,0.0,4.0,10.0,11.0,5.188127472091244,10.0,10,41,3,6
Sierra Leone,2015-10-09,13957.0,3955.0,1.0,4.0,0,11.0,0.0,4.0,11.0,4.966554808583898,-0.9090909090909091,10,41,3,6
Sierra Leone,2015-10-13,13982.0,3955.0,25.0,9.25,1,1.0,11.0,0.0,25.0,11.615363389350673,10.0,10,42,3,6
Sierra Leone,2015-10-15,13992.0,3955.0,10.0,11.75,0,25.0,1.0,11.0,25.0,9.912113800799572,-0.6,10,42,3,6
Sierra Leone,2015-10-16,13992.0,3955.0,0.0,9.0,0,10.0,25.0,1.0,25.0,11.57583690279028,-1.0,10,42,3,6
Sierra Leone,2015-10-20,14001.0,3955.0,9.0,11.0,0,0.0,10.0,25.0,25.0,10.360180178613433,10.0,10,43,3,6
Sierra Leone,2015-10-22,14031.0,3955.0,30.0,12.25,1,9.0,0.0,10.0,30.0,12.658988901172215,2.3333333333333335,10,43,3,6
Sierra Leone,2015-10-23,14038.0,3955.0,7.0,11.5,0,30.0,9.0,0.0,30.0,12.922847983320137,-0.7666666666666666,10,43,3,6
Sierra Leone,2015-10-26,14052.0,3955.0,14.0,15.0,0,7.0,30.0,9.0,30.0,10.424330514074661,1.0,10,44,3,6
Sierra Leone,2015-10-27,14061.0,3955.0,9.0,15.0,0,14.0,7.0,30.0,30.0,10.424330514074661,-0.3571428571428571,10,44,3,6
Sierra Leone,2015-10-29,14066.0,3955.0,5.0,8.75,0,9.0,14.0,7.0,14.0,3.862210075418991,-0.4444444444444444,10,44,3,6
Sierra Leone,2015-10-30,14067.0,3955.0,1.0,7.25,0,5.0,9.0,14.0,14.0,5.56027577253754,-0.8,10,44,3,6
Sierra Leone,2015-11-03,14089.0,3955.0,22.0,9.25,1,1.0,5.0,9.0,22.0,9.105858919765227,10.0,11,45,3,6
Sierra Leone,2015-11-05,14104.0,3955.0,15.0,10.75,0,22.0,1.0,5.0,22.0,9.535023160258605,-0.31818181818181823,11,45,3,6
Sierra Leone,2015-11-06,14109.0,3955.0,5.0,10.75,0,15.0,22.0,1.0,22.0,9.535023160258605,-0.6666666666666667,11,45,3,6
Sierra Leone,2015-11-10,14122.0,3955.0,13.0,13.75,0,5.0,15.0,22.0,22.0,6.994045086119194,1.6,11,46,3,6
Sierra Leone,2015-11-11,14122.0,3955.0,0.0,8.25,0,13.0,5.0,15.0,15.0,6.994045086119187,-1.0,11,46,3,6
Sierra Leone,2015-11-12,14122.0,3955.0,0.0,4.5,0,0.0,13.0,5.0,13.0,6.137317546507422,0.0,11,46,3,6
Sierra Leone,2015-11-16,14122.0,3955.0,0.0,3.25,0,0.0,0.0,13.0,13.0,6.5000000000000915,0.0,11,47,3,6
Sierra Leone,2015-11-17,14122.0,3955.0,0.0,0.0,0,0.0,0.0,0.0,0.0,0.0,0.0,11,47,3,6
Sierra Leone,2015-11-20,14122.0,3955.0,0.0,0.0,0,0.0,0.0,0.0,0.0,0.0,0.0,11,47,3,6
Sierra Leone,2015-11-24,14122.0,3955.0,0.0,0.0,0,0.0,0.0,0.0,0.0,0.0,0.0,11,48,3,6
Sierra Leone,2015-11-26,14122.0,3955.0,0.0,0.0,0,0.0,0.0,0.0,0.0,0.0,0.0,11,48,3,6
Sierra Leone,2015-12-01,14122.0,3955.0,0.0,0.0,0,0.0,0.0,0.0,0.0,0.0,0.0,12,49,0,6
Sierra Leone,2015-12-02,14122.0,3955.0,0.0,0.0,0,0.0,0.0,0.0,0.0,0.0,0.0,12,49,0,6
Sierra Leone,2015-12-03,14122.0,3955.0,0.0,0.0,0,0.0,0.0,0.0,0.0,0.0,0.0,12,49,0,6
Sierra Leone,2015-12-09,14122.0,3955.0,0.0,0.0,0,0.0,0.0,0.0,0.0,0.0,0.0,12,50,0,6
Sierra Leone,2015-12-10,14122.0,3955.0,0.0,0.0,0,0.0,0.0,0.0,0.0,0.0,0.0,12,50,0,6
Sierra Leone,2015-12-11,14122.0,3955.0,0.0,0.0,0,0.0,0.0,0.0,0.0,0.0,0.0,12,50,0,6
Sierra Leone,2015-12-15,14122.0,3955.0,0.0,0.0,0,0.0,0.0,0.0,0.0,0.0,0.0,12,51,0,6
Sierra Leone,2015-12-16,14122.0,3955.0,0.0,0.0,0,0.0,0.0,0.0,0.0,0.0,0.0,12,51,0,6
Sierra Leone,2015-12-17,14122.0,3955.0,0.0,0.0,0,0.0,0.0,0.0,0.0,0.0,0.0,12,51,0,6
Sierra Leone,2015-12-22,14122.0,3955.0,0.0,0.0,0,0.0,0.0,0.0,0.0,0.0,0.0,12,52,0,6
Sierra Leone,2015-12-23,14122.0,3955.0,0.0,0.0,0,0.0,0.0,0.0,0.0,0.0,0.0,12,52,0,6
Sierra Leone,2015-12-29,14122.0,3955.0,0.0,0.0,0,0.0,0.0,0.0,0.0,0.0,0.0,12,53,0,6
Sierra Leone,2016-03-23,14122.0,3955.0,0.0,0.0,0,0.0,0.0,0.0,0.0,0.0,0.0,3,12,1,6
Spain,2014-10-10,1.0,0.0,1.0,1.0,0,,,,1.0,0.0,0.0,10,41,3,7
Spain,2014-10-15,1.0,0.0,0.0,0.5,0,1.0,,,1.0,0.7071067811865476,-1.0,10,42,3,7
Spain,2014-10-17,1.0,0.0,0.0,0.3333333333333333,0,0.0,1.0,,1.0,0.5773502691896258,0.0,10,42,3,7
Spain,2014-10-22,1.0,0.0,0.0,0.25,0,0.0,0.0,1.0,1.0,0.5,0.0,10,43,3,7
Spain,2014-10-25,1.0,0.0,0.0,0.0,0,0.0,0.0,0.0,0.0,0.0,0.0,10,43,3,7
Spain,2014-10-29,1.0,0.0,0.0,0.0,0,0.0,0.0,0.0,0.0,0.0,0.0,10,44,3,7
Spain,2014-10-31,1.0,0.0,0.0,0.0,0,0.0,0.0,0.0,0.0,0.0,0.0,10,44,3,7
Spain,2014-11-05,1.0,0.0,0.0,0.0,0,0.0,0.0,0.0,0.0,0.0,0.0,11,45,3,7
Spain,2014-11-07,1.0,0.0,0.0,0.0,0,0.0,0.0,0.0,0.0,0.0,0.0,11,45,3,7
Spain,2014-11-12,1.0,0.0,0.0,0.0,0,0.0,0.0,0.0,0.0,0.0,0.0,11,46,3,7
Spain,2014-11-14,1.0,0.0,0.0,0.0,0,0.0,0.0,0.0,0.0,0.0,0.0,11,46,3,7
Spain,2014-11-19,1.0,0.0,0.0,0.0,0,0.0,0.0,0.0,0.0,0.0,0.0,11,47,3,7
Spain,2014-11-21,1.0,0.0,0.0,0.0,0,0.0,0.0,0.0,0.0,0.0,0.0,11,47,3,7
Spain,2014-11-26,1.0,0.0,0.0,0.0,0,0.0,0.0,0.0,0.0,0.0,0.0,11,48,3,7
Spain,2014-12-01,1.0,0.0,0.0,0.0,0,0.0,0.0,0.0,0.0,0.0,0.0,12,49,0,7
Spain,2014-12-03,1.0,0.0,0.0,0.0,0,0.0,0.0,0.0,0.0,0.0,0.0,12,49,0,7
Spain,2014-12-10,1.0,0.0,0.0,0.0,0,0.0,0.0,0.0,0.0,0.0,0.0,12,50,0,7
Spain,2014-12-15,1.0,0.0,0.0,0.0,0,0.0,0.0,0.0,0.0,0.0,0.0,12,51,0,7
Spain,2014-12-17,1.0,0.0,0.0,0.0,0,0.0,0.0,0.0,0.0,0.0,0.0,12,51,0,7
Spain,2014-12-22,1.0,0.0,0.0,0.0,0,0.0,0.0,0.0,0.0,0.0,0.0,12,52,0,7
Spain,2014-12-23,1.0,0.0,0.0,0.0,0,0.0,0.0,0.0,0.0,0.0,0.0,12,52,0,7
Spain,2014-12-24,1.0,0.0,0.0,0.0,0,0.0,0.0,0.0,0.0,0.0,0.0,12,52,0,7
Spain,2014-12-26,1.0,0.0,0.0,0.0,0,0.0,0.0,0.0,0.0,0.0,0.0,12,52,0,7
Spain,2014-12-29,1.0,0.0,0.0,0.0,0,0.0,0.0,0.0,0.0,0.0,0.0,12,1,0,7
Spain,2014-12-30,1.0,0.0,0.0,0.0,0,0.0,0.0,0.0,0.0,0.0,0.0,12,1,0,7
Spain,2014-12-31,1.0,0.0,0.0,0.0,0,0.0,0.0,0.0,0.0,0.0,0.0,12,1,0,7
Spain,2015-01-02,1.0,0.0,0.0,0.0,0,0.0,0.0,0.0,0.0,0.0,0.0,1,1,0,7
Spain,2015-01-05,1.0,0.0,0.0,0.0,0,0.0,0.0,0.0,0.0,0.0,0.0,1,2,0,7
Spain,2015-01-06,1.0,0.0,0.0,0.0,0,0.0,0.0,0.0,0.0,0.0,0.0,1,2,0,7
Spain,2015-01-07,1.0,0.0,0.0,0.0,0,0.0,0.0,0.0,0.0,0.0,0.0,1,2,0,7
Spain,2015-01-14,1.0,0.0,0.0,0.0,0,0.0,0.0,0.0,0.0,0.0,0.0,1,3,0,7
Spain,2015-01-15,1.0,0.0,0.0,0.0,0,0.0,0.0,0.0,0.0,0.0,0.0,1,3,0,7
Spain,2015-01-16,1.0,0.0,0.0,0.0,0,0.0,0.0,0.0,0.0,0.0,0.0,1,3,0,7
Spain,2015-01-19,1.0,0.0,0.0,0.0,0,0.0,0.0,0.0,0.0,0.0,0.0,1,4,0,7
Spain,2015-01-20,1.0,0.0,0.0,0.0,0,0.0,0.0,0.0,0.0,0.0,0.0,1,4,0,7
Spain,2015-01-21,1.0,0.0,0.0,0.0,0,0.0,0.0,0.0,0.0,0.0,0.0,1,4,0,7
Spain,2015-01-22,1.0,0.0,0.0,0.0,0,0.0,0.0,0.0,0.0,0.0,0.0,1,4,0,7
Spain,2015-01-23,1.0,0.0,0.0,0.0,0,0.0,0.0,0.0,0.0,0.0,0.0,1,4,0,7
Spain,2015-01-26,1.0,0.0,0.0,0.0,0,0.0,0.0,0.0,0.0,0.0,0.0,1,5,0,7
Spain,2015-01-27,1.0,0.0,0.0,0.0,0,0.0,0.0,0.0,0.0,0.0,0.0,1,5,0,7
Spain,2015-01-28,1.0,0.0,0.0,0.0,0,0.0,0.0,0.0,0.0,0.0,0.0,1,5,0,7
Spain,2015-01-29,1.0,0.0,0.0,0.0,0,0.0,0.0,0.0,0.0,0.0,0.0,1,5,0,7
Spain,2015-01-30,1.0,0.0,0.0,0.0,0,0.0,0.0,0.0,0.0,0.0,0.0,1,5,0,7
Spain,2015-02-02,1.0,0.0,0.0,0.0,0,0.0,0.0,0.0,0.0,0.0,0.0,2,6,0,7
Spain,2015-02-03,1.0,0.0,0.0,0.0,0,0.0,0.0,0.0,0.0,0.0,0.0,2,6,0,7
Spain,2015-02-04,1.0,0.0,0.0,0.0,0,0.0,0.0,0.0,0.0,0.0,0.0,2,6,0,7
Spain,2015-02-05,1.0,0.0,0.0,0.0,0,0.0,0.0,0.0,0.0,0.0,0.0,2,6,0,7
Spain,2015-02-06,1.0,0.0,0.0,0.0,0,0.0,0.0,0.0,0.0,0.0,0.0,2,6,0,7
Spain,2015-02-10,1.0,0.0,0.0,0.0,0,0.0,0.0,0.0,0.0,0.0,0.0,2,7,0,7
Spain,2015-02-11,1.0,0.0,0.0,0.0,0,0.0,0.0,0.0,0.0,0.0,0.0,2,7,0,7
Spain,2015-02-12,1.0,0.0,0.0,0.0,0,0.0,0.0,0.0,0.0,0.0,0.0,2,7,0,7
Spain,2015-02-13,1.0,0.0,0.0,0.0,0,0.0,0.0,0.0,0.0,0.0,0.0,2,7,0,7
Spain,2015-02-16,1.0,0.0,0.0,0.0,0,0.0,0.0,0.0,0.0,0.0,0.0,2,8,0,7
Spain,2015-02-17,1.0,0.0,0.0,0.0,0,0.0,0.0,0.0,0.0,0.0,0.0,2,8,0,7
Spain,2015-02-18,1.0,0.0,0.0,0.0,0,0.0,0.0,0.0,0.0,0.0,0.0,2,8,0,7
Spain,2015-02-19,1.0,0.0,0.0,0.0,0,0.0,0.0,0.0,0.0,0.0,0.0,2,8,0,7
Spain,2015-02-20,1.0,0.0,0.0,0.0,0,0.0,0.0,0.0,0.0,0.0,0.0,2,8,0,7
Spain,2015-02-23,1.0,0.0,0.0,0.0,0,0.0,0.0,0.0,0.0,0.0,0.0,2,9,0,7
Spain,2015-02-25,1.0,0.0,0.0,0.0,0,0.0,0.0,0.0,0.0,0.0,0.0,2,9,0,7
Spain,2015-02-26,1.0,0.0,0.0,0.0,0,0.0,0.0,0.0,0.0,0.0,0.0,2,9,0,7
Spain,2015-02-27,1.0,0.0,0.0,0.0,0,0.0,0.0,0.0,0.0,0.0,0.0,2,9,0,7
Spain,2015-03-02,1.0,0.0,0.0,0.0,0,0.0,0.0,0.0,0.0,0.0,0.0,3,10,1,7
Spain,2015-03-04,1.0,0.0,0.0,0.0,0,0.0,0.0,0.0,0.0,0.0,0.0,3,10,1,7
Spain,2015-03-05,1.0,0.0,0.0,0.0,0,0.0,0.0,0.0,0.0,0.0,0.0,3,10,1,7
Spain,2015-03-06,1.0,0.0,0.0,0.0,0,0.0,0.0,0.0,0.0,0.0,0.0,3,10,1,7
Spain,2015-03-10,1.0,0.0,0.0,0.0,0,0.0,0.0,0.0,0.0,0.0,0.0,3,11,1,7
Spain,2015-03-11,1.0,0.0,0.0,0.0,0,0.0,0.0,0.0,0.0,0.0,0.0,3,11,1,7
Spain,2015-03-12,1.0,0.0,0.0,0.0,0,0.0,0.0,0.0,0.0,0.0,0.0,3,11,1,7
Spain,2015-03-13,1.0,0.0,0.0,0.0,0,0.0,0.0,0.0,0.0,0.0,0.0,3,11,1,7
Spain,2015-03-16,1.0,0.0,0.0,0.0,0,0.0,0.0,0.0,0.0,0.0,0.0,3,12,1,7
Spain,2015-03-17,1.0,0.0,0.0,0.0,0,0.0,0.0,0.0,0.0,0.0,0.0,3,12,1,7
Spain,2015-03-18,1.0,0.0,0.0,0.0,0,0.0,0.0,0.0,0.0,0.0,0.0,3,12,1,7
Spain,2015-03-20,1.0,0.0,0.0,0.0,0,0.0,0.0,0.0,0.0,0.0,0.0,3,12,1,7
Spain,2015-03-23,1.0,0.0,0.0,0.0,0,0.0,0.0,0.0,0.0,0.0,0.0,3,13,1,7
Spain,2015-03-24,1.0,0.0,0.0,0.0,0,0.0,0.0,0.0,0.0,0.0,0.0,3,13,1,7
Spain,2015-03-25,1.0,0.0,0.0,0.0,0,0.0,0.0,0.0,0.0,0.0,0.0,3,13,1,7
Spain,2015-03-26,1.0,0.0,0.0,0.0,0,0.0,0.0,0.0,0.0,0.0,0.0,3,13,1,7
Spain,2015-03-27,1.0,0.0,0.0,0.0,0,0.0,0.0,0.0,0.0,0.0,0.0,3,13,1,7
Spain,2015-04-07,1.0,0.0,0.0,0.0,0,0.0,0.0,0.0,0.0,0.0,0.0,4,15,1,7
Spain,2015-04-09,1.0,0.0,0.0,0.0,0,0.0,0.0,0.0,0.0,0.0,0.0,4,15,1,7
Spain,2015-04-13,1.0,0.0,0.0,0.0,0,0.0,0.0,0.0,0.0,0.0,0.0,4,16,1,7
Spain,2015-04-14,1.0,0.0,0.0,0.0,0,0.0,0.0,0.0,0.0,0.0,0.0,4,16,1,7
Spain,2015-04-15,1.0,0.0,0.0,0.0,0,0.0,0.0,0.0,0.0,0.0,0.0,4,16,1,7
Spain,2015-04-16,1.0,0.0,0.0,0.0,0,0.0,0.0,0.0,0.0,0.0,0.0,4,16,1,7
Spain,2015-04-17,1.0,0.0,0.0,0.0,0,0.0,0.0,0.0,0.0,0.0,0.0,4,16,1,7
Spain,2015-04-20,1.0,0.0,0.0,0.0,0,0.0,0.0,0.0,0.0,0.0,0.0,4,17,1,7
Spain,2015-04-21,1.0,0.0,0.0,0.0,0,0.0,0.0,0.0,0.0,0.0,0.0,4,17,1,7
Spain,2015-04-22,1.0,0.0,0.0,0.0,0,0.0,0.0,0.0,0.0,0.0,0.0,4,17,1,7
Spain,2015-04-23,1.0,0.0,0.0,0.0,0,0.0,0.0,0.0,0.0,0.0,0.0,4,17,1,7
Spain,2015-04-24,1.0,0.0,0.0,0.0,0,0.0,0.0,0.0,0.0,0.0,0.0,4,17,1,7
Spain,2015-04-27,1.0,0.0,0.0,0.0,0,0.0,0.0,0.0,0.0,0.0,0.0,4,18,1,7
Spain,2015-04-28,1.0,0.0,0.0,0.0,0,0.0,0.0,0.0,0.0,0.0,0.0,4,18,1,7
Spain,2015-04-30,1.0,0.0,0.0,0.0,0,0.0,0.0,0.0,0.0,0.0,0.0,4,18,1,7
Spain,2015-05-01,1.0,0.0,0.0,0.0,0,0.0,0.0,0.0,0.0,0.0,0.0,5,18,1,7
Spain,2015-05-04,1.0,0.0,0.0,0.0,0,0.0,0.0,0.0,0.0,0.0,0.0,5,19,1,7
Spain,2015-05-05,1.0,0.0,0.0,0.0,0,0.0,0.0,0.0,0.0,0.0,0.0,5,19,1,7
Spain,2015-05-06,1.0,0.0,0.0,0.0,0,0.0,0.0,0.0,0.0,0.0,0.0,5,19,1,7
Spain,2015-05-07,1.0,0.0,0.0,0.0,0,0.0,0.0,0.0,0.0,0.0,0.0,5,19,1,7
Spain,2015-05-08,1.0,0.0,0.0,0.0,0,0.0,0.0,0.0,0.0,0.0,0.0,5,19,1,7
Spain,2015-05-11,1.0,0.0,0.0,0.0,0,0.0,0.0,0.0,0.0,0.0,0.0,5,20,1,7
Spain,2015-05-12,1.0,0.0,0.0,0.0,0,0.0,0.0,0.0,0.0,0.0,0.0,5,20,1,7
Spain,2015-05-13,1.0,0.0,0.0,0.0,0,0.0,0.0,0.0,0.0,0.0,0.0,5,20,1,7
Spain,2015-05-14,1.0,0.0,0.0,0.0,0,0.0,0.0,0.0,0.0,0.0,0.0,5,20,1,7
Spain,2015-05-15,1.0,0.0,0.0,0.0,0,0.0,0.0,0.0,0.0,0.0,0.0,5,20,1,7
Spain,2015-05-18,1.0,0.0,0.0,0.0,0,0.0,0.0,0.0,0.0,0.0,0.0,5,21,1,7
Spain,2015-05-19,1.0,0.0,0.0,0.0,0,0.0,0.0,0.0,0.0,0.0,0.0,5,21,1,7
Spain,2015-05-20,1.0,0.0,0.0,0.0,0,0.0,0.0,0.0,0.0,0.0,0.0,5,21,1,7
Spain,2015-05-21,1.0,0.0,0.0,0.0,0,0.0,0.0,0.0,0.0,0.0,0.0,5,21,1,7
Spain,2015-05-22,1.0,0.0,0.0,0.0,0,0.0,0.0,0.0,0.0,0.0,0.0,5,21,1,7
Spain,2015-05-25,1.0,0.0,0.0,0.0,0,0.0,0.0,0.0,0.0,0.0,0.0,5,22,1,7
Spain,2015-05-26,1.0,0.0,0.0,0.0,0,0.0,0.0,0.0,0.0,0.0,0.0,5,22,1,7
Spain,2015-05-27,1.0,0.0,0.0,0.0,0,0.0,0.0,0.0,0.0,0.0,0.0,5,22,1,7
Spain,2015-05-28,1.0,0.0,0.0,0.0,0,0.0,0.0,0.0,0.0,0.0,0.0,5,22,1,7
Spain,2015-05-29,1.0,0.0,0.0,0.0,0,0.0,0.0,0.0,0.0,0.0,0.0,5,22,1,7
Spain,2015-06-01,1.0,0.0,0.0,0.0,0,0.0,0.0,0.0,0.0,0.0,0.0,6,23,2,7
Spain,2015-06-02,1.0,0.0,0.0,0.0,0,0.0,0.0,0.0,0.0,0.0,0.0,6,23,2,7
Spain,2015-06-03,1.0,0.0,0.0,0.0,0,0.0,0.0,0.0,0.0,0.0,0.0,6,23,2,7
Spain,2015-06-04,1.0,0.0,0.0,0.0,0,0.0,0.0,0.0,0.0,0.0,0.0,6,23,2,7
Spain,2015-06-05,1.0,0.0,0.0,0.0,0,0.0,0.0,0.0,0.0,0.0,0.0,6,23,2,7
Spain,2015-06-08,1.0,0.0,0.0,0.0,0,0.0,0.0,0.0,0.0,0.0,0.0,6,24,2,7
Spain,2015-06-09,1.0,0.0,0.0,0.0,0,0.0,0.0,0.0,0.0,0.0,0.0,6,24,2,7
Spain,2015-06-10,1.0,0.0,0.0,0.0,0,0.0,0.0,0.0,0.0,0.0,0.0,6,24,2,7
Spain,2015-06-11,1.0,0.0,0.0,0.0,0,0.0,0.0,0.0,0.0,0.0,0.0,6,24,2,7
Spain,2015-06-12,1.0,0.0,0.0,0.0,0,0.0,0.0,0.0,0.0,0.0,0.0,6,24,2,7
Spain,2015-06-15,1.0,0.0,0.0,0.0,0,0.0,0.0,0.0,0.0,0.0,0.0,6,25,2,7
Spain,2015-06-16,1.0,0.0,0.0,0.0,0,0.0,0.0,0.0,0.0,0.0,0.0,6,25,2,7
Spain,2015-06-17,1.0,0.0,0.0,0.0,0,0.0,0.0,0.0,0.0,0.0,0.0,6,25,2,7
Spain,2015-06-18,1.0,0.0,0.0,0.0,0,0.0,0.0,0.0,0.0,0.0,0.0,6,25,2,7
Spain,2015-06-19,1.0,0.0,0.0,0.0,0,0.0,0.0,0.0,0.0,0.0,0.0,6,25,2,7
Spain,2015-06-22,1.0,0.0,0.0,0.0,0,0.0,0.0,0.0,0.0,0.0,0.0,6,26,2,7
Spain,2015-06-23,1.0,0.0,0.0,0.0,0,0.0,0.0,0.0,0.0,0.0,0.0,6,26,2,7
Spain,2015-06-24,1.0,0.0,0.0,0.0,0,0.0,0.0,0.0,0.0,0.0,0.0,6,26,2,7
Spain,2015-06-25,1.0,0.0,0.0,0.0,0,0.0,0.0,0.0,0.0,0.0,0.0,6,26,2,7
Spain,2015-06-26,1.0,0.0,0.0,0.0,0,0.0,0.0,0.0,0.0,0.0,0.0,6,26,2,7
Spain,2015-06-29,1.0,0.0,0.0,0.0,0,0.0,0.0,0.0,0.0,0.0,0.0,6,27,2,7
Spain,2015-06-30,1.0,0.0,0.0,0.0,0,0.0,0.0,0.0,0.0,0.0,0.0,6,27,2,7
Spain,2015-07-01,1.0,0.0,0.0,0.0,0,0.0,0.0,0.0,0.0,0.0,0.0,7,27,2,7
Spain,2015-07-02,1.0,0.0,0.0,0.0,0,0.0,0.0,0.0,0.0,0.0,0.0,7,27,2,7
Spain,2015-07-03,1.0,0.0,0.0,0.0,0,0.0,0.0,0.0,0.0,0.0,0.0,7,27,2,7
Spain,2015-07-06,1.0,0.0,0.0,0.0,0,0.0,0.0,0.0,0.0,0.0,0.0,7,28,2,7
Spain,2015-07-07,1.0,0.0,0.0,0.0,0,0.0,0.0,0.0,0.0,0.0,0.0,7,28,2,7
Spain,2015-07-08,1.0,0.0,0.0,0.0,0,0.0,0.0,0.0,0.0,0.0,0.0,7,28,2,7
Spain,2015-07-09,1.0,0.0,0.0,0.0,0,0.0,0.0,0.0,0.0,0.0,0.0,7,28,2,7
Spain,2015-07-10,1.0,0.0,0.0,0.0,0,0.0,0.0,0.0,0.0,0.0,0.0,7,28,2,7
Spain,2015-07-13,1.0,0.0,0.0,0.0,0,0.0,0.0,0.0,0.0,0.0,0.0,7,29,2,7
Spain,2015-07-14,1.0,0.0,0.0,0.0,0,0.0,0.0,0.0,0.0,0.0,0.0,7,29,2,7
Spain,2015-07-15,1.0,0.0,0.0,0.0,0,0.0,0.0,0.0,0.0,0.0,0.0,7,29,2,7
Spain,2015-07-16,1.0,0.0,0.0,0.0,0,0.0,0.0,0.0,0.0,0.0,0.0,7,29,2,7
Spain,2015-07-17,1.0,0.0,0.0,0.0,0,0.0,0.0,0.0,0.0,0.0,0.0,7,29,2,7
Spain,2015-07-20,1.0,0.0,0.0,0.0,0,0.0,0.0,0.0,0.0,0.0,0.0,7,30,2,7
Spain,2015-07-21,1.0,0.0,0.0,0.0,0,0.0,0.0,0.0,0.0,0.0,0.0,7,30,2,7
Spain,2015-07-22,1.0,0.0,0.0,0.0,0,0.0,0.0,0.0,0.0,0.0,0.0,7,30,2,7
Spain,2015-07-23,1.0,0.0,0.0,0.0,0,0.0,0.0,0.0,0.0,0.0,0.0,7,30,2,7
Spain,2015-07-24,1.0,0.0,0.0,0.0,0,0.0,0.0,0.0,0.0,0.0,0.0,7,30,2,7
Spain,2015-07-27,1.0,0.0,0.0,0.0,0,0.0,0.0,0.0,0.0,0.0,0.0,7,31,2,7
Spain,2015-07-28,1.0,0.0,0.0,0.0,0,0.0,0.0,0.0,0.0,0.0,0.0,7,31,2,7
Spain,2015-07-29,1.0,0.0,0.0,0.0,0,0.0,0.0,0.0,0.0,0.0,0.0,7,31,2,7
Spain,2015-07-30,1.0,0.0,0.0,0.0,0,0.0,0.0,0.0,0.0,0.0,0.0,7,31,2,7
Spain,2015-07-31,1.0,0.0,0.0,0.0,0,0.0,0.0,0.0,0.0,0.0,0.0,7,31,2,7
Spain,2015-08-03,1.0,0.0,0.0,0.0,0,0.0,0.0,0.0,0.0,0.0,0.0,8,32,2,7
Spain,2015-08-04,1.0,0.0,0.0,0.0,0,0.0,0.0,0.0,0.0,0.0,0.0,8,32,2,7
Spain,2015-08-05,1.0,0.0,0.0,0.0,0,0.0,0.0,0.0,0.0,0.0,0.0,8,32,2,7
Spain,2015-08-06,1.0,0.0,0.0,0.0,0,0.0,0.0,0.0,0.0,0.0,0.0,8,32,2,7
Spain,2015-08-07,1.0,0.0,0.0,0.0,0,0.0,0.0,0.0,0.0,0.0,0.0,8,32,2,7
Spain,2015-08-10,1.0,0.0,0.0,0.0,0,0.0,0.0,0.0,0.0,0.0,0.0,8,33,2,7
Spain,2015-08-11,1.0,0.0,0.0,0.0,0,0.0,0.0,0.0,0.0,0.0,0.0,8,33,2,7
Spain,2015-08-12,1.0,0.0,0.0,0.0,0,0.0,0.0,0.0,0.0,0.0,0.0,8,33,2,7
Spain,2015-08-13,1.0,0.0,0.0,0.0,0,0.0,0.0,0.0,0.0,0.0,0.0,8,33,2,7
Spain,2015-08-14,1.0,0.0,0.0,0.0,0,0.0,0.0,0.0,0.0,0.0,0.0,8,33,2,7
Spain,2015-08-17,1.0,0.0,0.0,0.0,0,0.0,0.0,0.0,0.0,0.0,0.0,8,34,2,7
Spain,2015-08-18,1.0,0.0,0.0,0.0,0,0.0,0.0,0.0,0.0,0.0,0.0,8,34,2,7
Spain,2015-08-19,1.0,0.0,0.0,0.0,0,0.0,0.0,0.0,0.0,0.0,0.0,8,34,2,7
Spain,2015-08-20,1.0,0.0,0.0,0.0,0,0.0,0.0,0.0,0.0,0.0,0.0,8,34,2,7
Spain,2015-08-21,1.0,0.0,0.0,0.0,0,0.0,0.0,0.0,0.0,0.0,0.0,8,34,2,7
Spain,2015-08-24,1.0,0.0,0.0,0.0,0,0.0,0.0,0.0,0.0,0.0,0.0,8,35,2,7
Spain,2015-08-25,1.0,0.0,0.0,0.0,0,0.0,0.0,0.0,0.0,0.0,0.0,8,35,2,7
Spain,2015-08-26,1.0,0.0,0.0,0.0,0,0.0,0.0,0.0,0.0,0.0,0.0,8,35,2,7
Spain,2015-08-27,1.0,0.0,0.0,0.0,0,0.0,0.0,0.0,0.0,0.0,0.0,8,35,2,7
Spain,2015-08-28,1.0,0.0,0.0,0.0,0,0.0,0.0,0.0,0.0,0.0,0.0,8,35,2,7
Spain,2015-08-31,1.0,0.0,0.0,0.0,0,0.0,0.0,0.0,0.0,0.0,0.0,8,36,2,7
Spain,2015-09-01,1.0,0.0,0.0,0.0,0,0.0,0.0,0.0,0.0,0.0,0.0,9,36,3,7
Spain,2015-09-02,1.0,0.0,0.0,0.0,0,0.0,0.0,0.0,0.0,0.0,0.0,9,36,3,7
Spain,2015-09-03,1.0,0.0,0.0,0.0,0,0.0,0.0,0.0,0.0,0.0,0.0,9,36,3,7
Spain,2015-09-04,1.0,0.0,0.0,0.0,0,0.0,0.0,0.0,0.0,0.0,0.0,9,36,3,7
Spain,2015-09-07,1.0,0.0,0.0,0.0,0,0.0,0.0,0.0,0.0,0.0,0.0,9,37,3,7
Spain,2015-09-08,1.0,0.0,0.0,0.0,0,0.0,0.0,0.0,0.0,0.0,0.0,9,37,3,7
Spain,2015-09-09,1.0,0.0,0.0,0.0,0,0.0,0.0,0.0,0.0,0.0,0.0,9,37,3,7
Spain,2015-09-10,1.0,0.0,0.0,0.0,0,0.0,0.0,0.0,0.0,0.0,0.0,9,37,3,7
Spain,2015-09-11,1.0,0.0,0.0,0.0,0,0.0,0.0,0.0,0.0,0.0,0.0,9,37,3,7
Spain,2015-09-14,1.0,0.0,0.0,0.0,0,0.0,0.0,0.0,0.0,0.0,0.0,9,38,3,7
Spain,2015-09-15,1.0,0.0,0.0,0.0,0,0.0,0.0,0.0,0.0,0.0,0.0,9,38,3,7
Spain,2015-09-16,1.0,0.0,0.0,0.0,0,0.0,0.0,0.0,0.0,0.0,0.0,9,38,3,7
Spain,2015-09-17,1.0,0.0,0.0,0.0,0,0.0,0.0,0.0,0.0,0.0,0.0,9,38,3,7
Spain,2015-09-18,1.0,0.0,0.0,0.0,0,0.0,0.0,0.0,0.0,0.0,0.0,9,38,3,7
Spain,2015-09-21,1.0,0.0,0.0,0.0,0,0.0,0.0,0.0,0.0,0.0,0.0,9,39,3,7
Spain,2015-09-22,1.0,0.0,0.0,0.0,0,0.0,0.0,0.0,0.0,0.0,0.0,9,39,3,7
Spain,2015-09-23,1.0,0.0,0.0,0.0,0,0.0,0.0,0.0,0.0,0.0,0.0,9,39,3,7
Spain,2015-09-24,1.0,0.0,0.0,0.0,0,0.0,0.0,0.0,0.0,0.0,0.0,9,39,3,7
Spain,2015-09-25,1.0,0.0,0.0,0.0,0,0.0,0.0,0.0,0.0,0.0,0.0,9,39,3,7
Spain,2015-09-28,1.0,0.0,0.0,0.0,0,0.0,0.0,0.0,0.0,0.0,0.0,9,40,3,7
Spain,2015-09-29,1.0,0.0,0.0,0.0,0,0.0,0.0,0.0,0.0,0.0,0.0,9,40,3,7
Spain,2015-09-30,1.0,0.0,0.0,0.0,0,0.0,0.0,0.0,0.0,0.0,0.0,9,40,3,7
Spain,2015-10-01,1.0,0.0,0.0,0.0,0,0.0,0.0,0.0,0.0,0.0,0.0,10,40,3,7
Spain,2015-10-02,1.0,0.0,0.0,0.0,0,0.0,0.0,0.0,0.0,0.0,0.0,10,40,3,7
Spain,2015-10-05,1.0,0.0,0.0,0.0,0,0.0,0.0,0.0,0.0,0.0,0.0,10,41,3,7
Spain,2015-10-06,1.0,0.0,0.0,0.0,0,0.0,0.0,0.0,0.0,0.0,0.0,10,41,3,7
Spain,2015-10-07,1.0,0.0,0.0,0.0,0,0.0,0.0,0.0,0.0,0.0,0.0,10,41,3,7
Spain,2015-10-08,1.0,0.0,0.0,0.0,0,0.0,0.0,0.0,0.0,0.0,0.0,10,41,3,7
Spain,2015-10-09,1.0,0.0,0.0,0.0,0,0.0,0.0,0.0,0.0,0.0,0.0,10,41,3,7
Spain,2015-10-13,1.0,0.0,0.0,0.0,0,0.0,0.0,0.0,0.0,0.0,0.0,10,42,3,7
Spain,2015-10-15,1.0,0.0,0.0,0.0,0,0.0,0.0,0.0,0.0,0.0,0.0,10,42,3,7
Spain,2015-10-16,1.0,0.0,0.0,0.0,0,0.0,0.0,0.0,0.0,0.0,0.0,10,42,3,7
Spain,2015-10-20,1.0,0.0,0.0,0.0,0,0.0,0.0,0.0,0.0,0.0,0.0,10,43,3,7
Spain,2015-10-22,1.0,0.0,0.0,0.0,0,0.0,0.0,0.0,0.0,0.0,0.0,10,43,3,7
Spain,2015-10-23,1.0,0.0,0.0,0.0,0,0.0,0.0,0.0,0.0,0.0,0.0,10,43,3,7
Spain,2015-10-26,1.0,0.0,0.0,0.0,0,0.0,0.0,0.0,0.0,0.0,0.0,10,44,3,7
Spain,2015-10-27,1.0,0.0,0.0,0.0,0,0.0,0.0,0.0,0.0,0.0,0.0,10,44,3,7
Spain,2015-10-29,1.0,0.0,0.0,0.0,0,0.0,0.0,0.0,0.0,0.0,0.0,10,44,3,7
Spain,2015-10-30,1.0,0.0,0.0,0.0,0,0.0,0.0,0.0,0.0,0.0,0.0,10,44,3,7
Spain,2015-11-03,1.0,0.0,0.0,0.0,0,0.0,0.0,0.0,0.0,0.0,0.0,11,45,3,7
Spain,2015-11-05,1.0,0.0,0.0,0.0,0,0.0,0.0,0.0,0.0,0.0,0.0,11,45,3,7
Spain,2015-11-06,1.0,0.0,0.0,0.0,0,0.0,0.0,0.0,0.0,0.0,0.0,11,45,3,7
Spain,2015-11-10,1.0,0.0,0.0,0.0,0,0.0,0.0,0.0,0.0,0.0,0.0,11,46,3,7
Spain,2015-11-11,1.0,0.0,0.0,0.0,0,0.0,0.0,0.0,0.0,0.0,0.0,11,46,3,7
Spain,2015-11-12,1.0,0.0,0.0,0.0,0,0.0,0.0,0.0,0.0,0.0,0.0,11,46,3,7
Spain,2015-11-16,1.0,0.0,0.0,0.0,0,0.0,0.0,0.0,0.0,0.0,0.0,11,47,3,7
Spain,2015-11-17,1.0,0.0,0.0,0.0,0,0.0,0.0,0.0,0.0,0.0,0.0,11,47,3,7
Spain,2015-11-20,1.0,0.0,0.0,0.0,0,0.0,0.0,0.0,0.0,0.0,0.0,11,47,3,7
Spain,2015-11-24,1.0,0.0,0.0,0.0,0,0.0,0.0,0.0,0.0,0.0,0.0,11,48,3,7
Spain,2015-11-26,1.0,0.0,0.0,0.0,0,0.0,0.0,0.0,0.0,0.0,0.0,11,48,3,7
Spain,2015-12-01,1.0,0.0,0.0,0.0,0,0.0,0.0,0.0,0.0,0.0,0.0,12,49,0,7
Spain,2015-12-02,1.0,0.0,0.0,0.0,0,0.0,0.0,0.0,0.0,0.0,0.0,12,49,0,7
Spain,2015-12-03,1.0,0.0,0.0,0.0,0,0.0,0.0,0.0,0.0,0.0,0.0,12,49,0,7
Spain,2015-12-09,1.0,0.0,0.0,0.0,0,0.0,0.0,0.0,0.0,0.0,0.0,12,50,0,7
Spain,2015-12-10,1.0,0.0,0.0,0.0,0,0.0,0.0,0.0,0.0,0.0,0.0,12,50,0,7
Spain,2015-12-11,1.0,0.0,0.0,0.0,0,0.0,0.0,0.0,0.0,0.0,0.0,12,50,0,7
Spain,2015-12-15,1.0,0.0,0.0,0.0,0,0.0,0.0,0.0,0.0,0.0,0.0,12,51,0,7
Spain,2015-12-16,1.0,0.0,0.0,0.0,0,0.0,0.0,0.0,0.0,0.0,0.0,12,51,0,7
Spain,2015-12-17,1.0,0.0,0.0,0.0,0,0.0,0.0,0.0,0.0,0.0,0.0,12,51,0,7
Spain,2015-12-22,1.0,0.0,0.0,0.0,0,0.0,0.0,0.0,0.0,0.0,0.0,12,52,0,7
Spain,2015-12-23,1.0,0.0,0.0,0.0,0,0.0,0.0,0.0,0.0,0.0,0.0,12,52,0,7
Spain,2015-12-29,1.0,0.0,0.0,0.0,0,0.0,0.0,0.0,0.0,0.0,0.0,12,53,0,7
Spain,2016-03-23,1.0,0.0,0.0,0.0,0,0.0,0.0,0.0,0.0,0.0,0.0,3,12,1,7
United Kingdom,2015-01-02,0.0,0.0,0.0,0.0,0,,,,0.0,0.0,0.0,1,1,0,8
United Kingdom,2015-01-05,0.0,0.0,0.0,0.0,0,0.0,,,0.0,0.0,0.0,1,2,0,8
United Kingdom,2015-01-06,1.0,0.0,1.0,0.3333333333333333,0,0.0,0.0,,1.0,0.5773502691896258,10.0,1,2,0,8
United Kingdom,2015-01-07,1.0,0.0,0.0,0.25,0,1.0,0.0,0.0,1.0,0.5,-1.0,1,2,0,8
United Kingdom,2015-01-08,0.0,0.0,0.0,0.25,0,0.0,1.0,0.0,1.0,0.5,0.0,1,2,0,8
United Kingdom,2015-01-09,0.0,0.0,0.0,0.25,0,0.0,0.0,1.0,1.0,0.5,0.0,1,2,0,8
United Kingdom,2015-01-12,0.0,0.0,0.0,0.0,0,0.0,0.0,0.0,0.0,0.0,0.0,1,3,0,8
United Kingdom,2015-01-13,0.0,0.0,0.0,0.0,0,0.0,0.0,0.0,0.0,0.0,0.0,1,3,0,8
United Kingdom,2015-01-14,1.0,0.0,1.0,0.25,0,0.0,0.0,0.0,1.0,0.5,10.0,1,3,0,8
United Kingdom,2015-01-15,1.0,0.0,0.0,0.25,0,1.0,0.0,0.0,1.0,0.5,-1.0,1,3,0,8
United Kingdom,2015-01-16,1.0,0.0,0.0,0.25,0,0.0,1.0,0.0,1.0,0.5,0.0,1,3,0,8
United Kingdom,2015-01-19,1.0,0.0,0.0,0.25,0,0.0,0.0,1.0,1.0,0.5,0.0,1,4,0,8
United Kingdom,2015-01-20,1.0,0.0,0.0,0.0,0,0.0,0.0,0.0,0.0,0.0,0.0,1,4,0,8
United Kingdom,2015-01-21,1.0,0.0,0.0,0.0,0,0.0,0.0,0.0,0.0,0.0,0.0,1,4,0,8
United Kingdom,2015-01-22,1.0,0.0,0.0,0.0,0,0.0,0.0,0.0,0.0,0.0,0.0,1,4,0,8
United Kingdom,2015-01-23,1.0,0.0,0.0,0.0,0,0.0,0.0,0.0,0.0,0.0,0.0,1,4,0,8
United Kingdom,2015-01-26,1.0,0.0,0.0,0.0,0,0.0,0.0,0.0,0.0,0.0,0.0,1,5,0,8
United Kingdom,2015-01-27,1.0,0.0,0.0,0.0,0,0.0,0.0,0.0,0.0,0.0,0.0,1,5,0,8
United Kingdom,2015-01-28,1.0,0.0,0.0,0.0,0,0.0,0.0,0.0,0.0,0.0,0.0,1,5,0,8
United Kingdom,2015-01-29,1.0,0.0,0.0,0.0,0,0.0,0.0,0.0,0.0,0.0,0.0,1,5,0,8
United Kingdom,2015-01-30,1.0,0.0,0.0,0.0,0,0.0,0.0,0.0,0.0,0.0,0.0,1,5,0,8
United Kingdom,2015-02-02,1.0,0.0,0.0,0.0,0,0.0,0.0,0.0,0.0,0.0,0.0,2,6,0,8
United Kingdom,2015-02-03,1.0,0.0,0.0,0.0,0,0.0,0.0,0.0,0.0,0.0,0.0,2,6,0,8
United Kingdom,2015-02-04,1.0,0.0,0.0,0.0,0,0.0,0.0,0.0,0.0,0.0,0.0,2,6,0,8
United Kingdom,2015-02-05,1.0,0.0,0.0,0.0,0,0.0,0.0,0.0,0.0,0.0,0.0,2,6,0,8
United Kingdom,2015-02-06,1.0,0.0,0.0,0.0,0,0.0,0.0,0.0,0.0,0.0,0.0,2,6,0,8
United Kingdom,2015-02-10,1.0,0.0,0.0,0.0,0,0.0,0.0,0.0,0.0,0.0,0.0,2,7,0,8
United Kingdom,2015-02-11,1.0,0.0,0.0,0.0,0,0.0,0.0,0.0,0.0,0.0,0.0,2,7,0,8
United Kingdom,2015-02-12,1.0,0.0,0.0,0.0,0,0.0,0.0,0.0,0.0,0.0,0.0,2,7,0,8
United Kingdom,2015-02-13,1.0,0.0,0.0,0.0,0,0.0,0.0,0.0,0.0,0.0,0.0,2,7,0,8
United Kingdom,2015-02-16,1.0,0.0,0.0,0.0,0,0.0,0.0,0.0,0.0,0.0,0.0,2,8,0,8
United Kingdom,2015-02-17,1.0,0.0,0.0,0.0,0,0.0,0.0,0.0,0.0,0.0,0.0,2,8,0,8
United Kingdom,2015-02-18,1.0,0.0,0.0,0.0,0,0.0,0.0,0.0,0.0,0.0,0.0,2,8,0,8
United Kingdom,2015-02-19,1.0,0.0,0.0,0.0,0,0.0,0.0,0.0,0.0,0.0,0.0,2,8,0,8
United Kingdom,2015-02-20,1.0,0.0,0.0,0.0,0,0.0,0.0,0.0,0.0,0.0,0.0,2,8,0,8
United Kingdom,2015-02-23,1.0,0.0,0.0,0.0,0,0.0,0.0,0.0,0.0,0.0,0.0,2,9,0,8
United Kingdom,2015-02-25,1.0,0.0,0.0,0.0,0,0.0,0.0,0.0,0.0,0.0,0.0,2,9,0,8
United Kingdom,2015-02-26,1.0,0.0,0.0,0.0,0,0.0,0.0,0.0,0.0,0.0,0.0,2,9,0,8
United Kingdom,2015-02-27,1.0,0.0,0.0,0.0,0,0.0,0.0,0.0,0.0,0.0,0.0,2,9,0,8
United Kingdom,2015-03-02,1.0,0.0,0.0,0.0,0,0.0,0.0,0.0,0.0,0.0,0.0,3,10,1,8
United Kingdom,2015-03-04,1.0,0.0,0.0,0.0,0,0.0,0.0,0.0,0.0,0.0,0.0,3,10,1,8
United Kingdom,2015-03-05,1.0,0.0,0.0,0.0,0,0.0,0.0,0.0,0.0,0.0,0.0,3,10,1,8
United Kingdom,2015-03-06,1.0,0.0,0.0,0.0,0,0.0,0.0,0.0,0.0,0.0,0.0,3,10,1,8
United Kingdom,2015-03-10,1.0,0.0,0.0,0.0,0,0.0,0.0,0.0,0.0,0.0,0.0,3,11,1,8
United Kingdom,2015-03-11,1.0,0.0,0.0,0.0,0,0.0,0.0,0.0,0.0,0.0,0.0,3,11,1,8
United Kingdom,2015-03-12,1.0,0.0,0.0,0.0,0,0.0,0.0,0.0,0.0,0.0,0.0,3,11,1,8
United Kingdom,2015-03-13,1.0,0.0,0.0,0.0,0,0.0,0.0,0.0,0.0,0.0,0.0,3,11,1,8
United Kingdom,2015-03-16,1.0,0.0,0.0,0.0,0,0.0,0.0,0.0,0.0,0.0,0.0,3,12,1,8
United Kingdom,2015-03-17,1.0,0.0,0.0,0.0,0,0.0,0.0,0.0,0.0,0.0,0.0,3,12,1,8
United Kingdom,2015-03-18,1.0,0.0,0.0,0.0,0,0.0,0.0,0.0,0.0,0.0,0.0,3,12,1,8
United Kingdom,2015-03-20,1.0,0.0,0.0,0.0,0,0.0,0.0,0.0,0.0,0.0,0.0,3,12,1,8
United Kingdom,2015-03-23,1.0,0.0,0.0,0.0,0,0.0,0.0,0.0,0.0,0.0,0.0,3,13,1,8
United Kingdom,2015-03-24,1.0,0.0,0.0,0.0,0,0.0,0.0,0.0,0.0,0.0,0.0,3,13,1,8
United Kingdom,2015-03-25,1.0,0.0,0.0,0.0,0,0.0,0.0,0.0,0.0,0.0,0.0,3,13,1,8
United Kingdom,2015-03-26,1.0,0.0,0.0,0.0,0,0.0,0.0,0.0,0.0,0.0,0.0,3,13,1,8
United Kingdom,2015-03-27,1.0,0.0,0.0,0.0,0,0.0,0.0,0.0,0.0,0.0,0.0,3,13,1,8
United Kingdom,2015-04-07,1.0,0.0,0.0,0.0,0,0.0,0.0,0.0,0.0,0.0,0.0,4,15,1,8
United Kingdom,2015-04-09,1.0,0.0,0.0,0.0,0,0.0,0.0,0.0,0.0,0.0,0.0,4,15,1,8
United Kingdom,2015-04-13,1.0,0.0,0.0,0.0,0,0.0,0.0,0.0,0.0,0.0,0.0,4,16,1,8
United Kingdom,2015-04-14,1.0,0.0,0.0,0.0,0,0.0,0.0,0.0,0.0,0.0,0.0,4,16,1,8
United Kingdom,2015-04-15,1.0,0.0,0.0,0.0,0,0.0,0.0,0.0,0.0,0.0,0.0,4,16,1,8
United Kingdom,2015-04-16,1.0,0.0,0.0,0.0,0,0.0,0.0,0.0,0.0,0.0,0.0,4,16,1,8
United Kingdom,2015-04-17,1.0,0.0,0.0,0.0,0,0.0,0.0,0.0,0.0,0.0,0.0,4,16,1,8
United Kingdom,2015-04-20,1.0,0.0,0.0,0.0,0,0.0,0.0,0.0,0.0,0.0,0.0,4,17,1,8
United Kingdom,2015-04-21,1.0,0.0,0.0,0.0,0,0.0,0.0,0.0,0.0,0.0,0.0,4,17,1,8
United Kingdom,2015-04-22,1.0,0.0,0.0,0.0,0,0.0,0.0,0.0,0.0,0.0,0.0,4,17,1,8
United Kingdom,2015-04-23,1.0,0.0,0.0,0.0,0,0.0,0.0,0.0,0.0,0.0,0.0,4,17,1,8
United Kingdom,2015-04-24,1.0,0.0,0.0,0.0,0,0.0,0.0,0.0,0.0,0.0,0.0,4,17,1,8
United Kingdom,2015-04-27,1.0,0.0,0.0,0.0,0,0.0,0.0,0.0,0.0,0.0,0.0,4,18,1,8
United Kingdom,2015-04-28,1.0,0.0,0.0,0.0,0,0.0,0.0,0.0,0.0,0.0,0.0,4,18,1,8
United Kingdom,2015-04-30,1.0,0.0,0.0,0.0,0,0.0,0.0,0.0,0.0,0.0,0.0,4,18,1,8
United Kingdom,2015-05-01,1.0,0.0,0.0,0.0,0,0.0,0.0,0.0,0.0,0.0,0.0,5,18,1,8
United Kingdom,2015-05-04,1.0,0.0,0.0,0.0,0,0.0,0.0,0.0,0.0,0.0,0.0,5,19,1,8
United Kingdom,2015-05-05,1.0,0.0,0.0,0.0,0,0.0,0.0,0.0,0.0,0.0,0.0,5,19,1,8
United Kingdom,2015-05-06,1.0,0.0,0.0,0.0,0,0.0,0.0,0.0,0.0,0.0,0.0,5,19,1,8
United Kingdom,2015-05-07,1.0,0.0,0.0,0.0,0,0.0,0.0,0.0,0.0,0.0,0.0,5,19,1,8
United Kingdom,2015-05-08,1.0,0.0,0.0,0.0,0,0.0,0.0,0.0,0.0,0.0,0.0,5,19,1,8
United Kingdom,2015-05-11,1.0,0.0,0.0,0.0,0,0.0,0.0,0.0,0.0,0.0,0.0,5,20,1,8
United Kingdom,2015-05-12,1.0,0.0,0.0,0.0,0,0.0,0.0,0.0,0.0,0.0,0.0,5,20,1,8
United Kingdom,2015-05-13,1.0,0.0,0.0,0.0,0,0.0,0.0,0.0,0.0,0.0,0.0,5,20,1,8
United Kingdom,2015-05-14,1.0,0.0,0.0,0.0,0,0.0,0.0,0.0,0.0,0.0,0.0,5,20,1,8
United Kingdom,2015-05-15,1.0,0.0,0.0,0.0,0,0.0,0.0,0.0,0.0,0.0,0.0,5,20,1,8
United Kingdom,2015-05-18,1.0,0.0,0.0,0.0,0,0.0,0.0,0.0,0.0,0.0,0.0,5,21,1,8
United Kingdom,2015-05-19,1.0,0.0,0.0,0.0,0,0.0,0.0,0.0,0.0,0.0,0.0,5,21,1,8
United Kingdom,2015-05-20,1.0,0.0,0.0,0.0,0,0.0,0.0,0.0,0.0,0.0,0.0,5,21,1,8
United Kingdom,2015-05-21,1.0,0.0,0.0,0.0,0,0.0,0.0,0.0,0.0,0.0,0.0,5,21,1,8
United Kingdom,2015-05-22,1.0,0.0,0.0,0.0,0,0.0,0.0,0.0,0.0,0.0,0.0,5,21,1,8
United Kingdom,2015-05-25,1.0,0.0,0.0,0.0,0,0.0,0.0,0.0,0.0,0.0,0.0,5,22,1,8
United Kingdom,2015-05-26,1.0,0.0,0.0,0.0,0,0.0,0.0,0.0,0.0,0.0,0.0,5,22,1,8
United Kingdom,2015-05-27,1.0,0.0,0.0,0.0,0,0.0,0.0,0.0,0.0,0.0,0.0,5,22,1,8
United Kingdom,2015-05-28,1.0,0.0,0.0,0.0,0,0.0,0.0,0.0,0.0,0.0,0.0,5,22,1,8
United Kingdom,2015-05-29,1.0,0.0,0.0,0.0,0,0.0,0.0,0.0,0.0,0.0,0.0,5,22,1,8
United Kingdom,2015-06-01,1.0,0.0,0.0,0.0,0,0.0,0.0,0.0,0.0,0.0,0.0,6,23,2,8
United Kingdom,2015-06-02,1.0,0.0,0.0,0.0,0,0.0,0.0,0.0,0.0,0.0,0.0,6,23,2,8
United Kingdom,2015-06-03,1.0,0.0,0.0,0.0,0,0.0,0.0,0.0,0.0,0.0,0.0,6,23,2,8
United Kingdom,2015-06-04,1.0,0.0,0.0,0.0,0,0.0,0.0,0.0,0.0,0.0,0.0,6,23,2,8
United Kingdom,2015-06-05,1.0,0.0,0.0,0.0,0,0.0,0.0,0.0,0.0,0.0,0.0,6,23,2,8
United Kingdom,2015-06-08,1.0,0.0,0.0,0.0,0,0.0,0.0,0.0,0.0,0.0,0.0,6,24,2,8
United Kingdom,2015-06-09,1.0,0.0,0.0,0.0,0,0.0,0.0,0.0,0.0,0.0,0.0,6,24,2,8
United Kingdom,2015-06-10,1.0,0.0,0.0,0.0,0,0.0,0.0,0.0,0.0,0.0,0.0,6,24,2,8
United Kingdom,2015-06-11,1.0,0.0,0.0,0.0,0,0.0,0.0,0.0,0.0,0.0,0.0,6,24,2,8
United Kingdom,2015-06-12,1.0,0.0,0.0,0.0,0,0.0,0.0,0.0,0.0,0.0,0.0,6,24,2,8
United Kingdom,2015-06-15,1.0,0.0,0.0,0.0,0,0.0,0.0,0.0,0.0,0.0,0.0,6,25,2,8
United Kingdom,2015-06-16,1.0,0.0,0.0,0.0,0,0.0,0.0,0.0,0.0,0.0,0.0,6,25,2,8
United Kingdom,2015-06-17,1.0,0.0,0.0,0.0,0,0.0,0.0,0.0,0.0,0.0,0.0,6,25,2,8
United Kingdom,2015-06-18,1.0,0.0,0.0,0.0,0,0.0,0.0,0.0,0.0,0.0,0.0,6,25,2,8
United Kingdom,2015-06-19,1.0,0.0,0.0,0.0,0,0.0,0.0,0.0,0.0,0.0,0.0,6,25,2,8
United Kingdom,2015-06-22,1.0,0.0,0.0,0.0,0,0.0,0.0,0.0,0.0,0.0,0.0,6,26,2,8
United Kingdom,2015-06-23,1.0,0.0,0.0,0.0,0,0.0,0.0,0.0,0.0,0.0,0.0,6,26,2,8
United Kingdom,2015-06-24,1.0,0.0,0.0,0.0,0,0.0,0.0,0.0,0.0,0.0,0.0,6,26,2,8
United Kingdom,2015-06-25,1.0,0.0,0.0,0.0,0,0.0,0.0,0.0,0.0,0.0,0.0,6,26,2,8
United Kingdom,2015-06-26,1.0,0.0,0.0,0.0,0,0.0,0.0,0.0,0.0,0.0,0.0,6,26,2,8
United Kingdom,2015-06-29,1.0,0.0,0.0,0.0,0,0.0,0.0,0.0,0.0,0.0,0.0,6,27,2,8
United Kingdom,2015-06-30,1.0,0.0,0.0,0.0,0,0.0,0.0,0.0,0.0,0.0,0.0,6,27,2,8
United Kingdom,2015-07-01,1.0,0.0,0.0,0.0,0,0.0,0.0,0.0,0.0,0.0,0.0,7,27,2,8
United Kingdom,2015-07-02,1.0,0.0,0.0,0.0,0,0.0,0.0,0.0,0.0,0.0,0.0,7,27,2,8
United Kingdom,2015-07-03,1.0,0.0,0.0,0.0,0,0.0,0.0,0.0,0.0,0.0,0.0,7,27,2,8
United Kingdom,2015-07-06,1.0,0.0,0.0,0.0,0,0.0,0.0,0.0,0.0,0.0,0.0,7,28,2,8
United Kingdom,2015-07-07,1.0,0.0,0.0,0.0,0,0.0,0.0,0.0,0.0,0.0,0.0,7,28,2,8
United Kingdom,2015-07-08,1.0,0.0,0.0,0.0,0,0.0,0.0,0.0,0.0,0.0,0.0,7,28,2,8
United Kingdom,2015-07-09,1.0,0.0,0.0,0.0,0,0.0,0.0,0.0,0.0,0.0,0.0,7,28,2,8
United Kingdom,2015-07-10,1.0,0.0,0.0,0.0,0,0.0,0.0,0.0,0.0,0.0,0.0,7,28,2,8
United Kingdom,2015-07-13,1.0,0.0,0.0,0.0,0,0.0,0.0,0.0,0.0,0.0,0.0,7,29,2,8
United Kingdom,2015-07-14,1.0,0.0,0.0,0.0,0,0.0,0.0,0.0,0.0,0.0,0.0,7,29,2,8
United Kingdom,2015-07-15,1.0,0.0,0.0,0.0,0,0.0,0.0,0.0,0.0,0.0,0.0,7,29,2,8
United Kingdom,2015-07-16,1.0,0.0,0.0,0.0,0,0.0,0.0,0.0,0.0,0.0,0.0,7,29,2,8
United Kingdom,2015-07-17,1.0,0.0,0.0,0.0,0,0.0,0.0,0.0,0.0,0.0,0.0,7,29,2,8
United Kingdom,2015-07-20,1.0,0.0,0.0,0.0,0,0.0,0.0,0.0,0.0,0.0,0.0,7,30,2,8
United Kingdom,2015-07-21,1.0,0.0,0.0,0.0,0,0.0,0.0,0.0,0.0,0.0,0.0,7,30,2,8
United Kingdom,2015-07-22,1.0,0.0,0.0,0.0,0,0.0,0.0,0.0,0.0,0.0,0.0,7,30,2,8
United Kingdom,2015-07-23,1.0,0.0,0.0,0.0,0,0.0,0.0,0.0,0.0,0.0,0.0,7,30,2,8
United Kingdom,2015-07-24,1.0,0.0,0.0,0.0,0,0.0,0.0,0.0,0.0,0.0,0.0,7,30,2,8
United Kingdom,2015-07-27,1.0,0.0,0.0,0.0,0,0.0,0.0,0.0,0.0,0.0,0.0,7,31,2,8
United Kingdom,2015-07-28,1.0,0.0,0.0,0.0,0,0.0,0.0,0.0,0.0,0.0,0.0,7,31,2,8
United Kingdom,2015-07-29,1.0,0.0,0.0,0.0,0,0.0,0.0,0.0,0.0,0.0,0.0,7,31,2,8
United Kingdom,2015-07-30,1.0,0.0,0.0,0.0,0,0.0,0.0,0.0,0.0,0.0,0.0,7,31,2,8
United Kingdom,2015-07-31,1.0,0.0,0.0,0.0,0,0.0,0.0,0.0,0.0,0.0,0.0,7,31,2,8
United Kingdom,2015-08-03,1.0,0.0,0.0,0.0,0,0.0,0.0,0.0,0.0,0.0,0.0,8,32,2,8
United Kingdom,2015-08-04,1.0,0.0,0.0,0.0,0,0.0,0.0,0.0,0.0,0.0,0.0,8,32,2,8
United Kingdom,2015-08-05,1.0,0.0,0.0,0.0,0,0.0,0.0,0.0,0.0,0.0,0.0,8,32,2,8
United Kingdom,2015-08-06,1.0,0.0,0.0,0.0,0,0.0,0.0,0.0,0.0,0.0,0.0,8,32,2,8
United Kingdom,2015-08-07,1.0,0.0,0.0,0.0,0,0.0,0.0,0.0,0.0,0.0,0.0,8,32,2,8
United Kingdom,2015-08-10,1.0,0.0,0.0,0.0,0,0.0,0.0,0.0,0.0,0.0,0.0,8,33,2,8
United Kingdom,2015-08-11,1.0,0.0,0.0,0.0,0,0.0,0.0,0.0,0.0,0.0,0.0,8,33,2,8
United Kingdom,2015-08-12,1.0,0.0,0.0,0.0,0,0.0,0.0,0.0,0.0,0.0,0.0,8,33,2,8
United Kingdom,2015-08-13,1.0,0.0,0.0,0.0,0,0.0,0.0,0.0,0.0,0.0,0.0,8,33,2,8
United Kingdom,2015-08-14,1.0,0.0,0.0,0.0,0,0.0,0.0,0.0,0.0,0.0,0.0,8,33,2,8
United Kingdom,2015-08-17,1.0,0.0,0.0,0.0,0,0.0,0.0,0.0,0.0,0.0,0.0,8,34,2,8
United Kingdom,2015-08-18,1.0,0.0,0.0,0.0,0,0.0,0.0,0.0,0.0,0.0,0.0,8,34,2,8
United Kingdom,2015-08-19,1.0,0.0,0.0,0.0,0,0.0,0.0,0.0,0.0,0.0,0.0,8,34,2,8
United Kingdom,2015-08-20,1.0,0.0,0.0,0.0,0,0.0,0.0,0.0,0.0,0.0,0.0,8,34,2,8
United Kingdom,2015-08-21,1.0,0.0,0.0,0.0,0,0.0,0.0,0.0,0.0,0.0,0.0,8,34,2,8
United Kingdom,2015-08-24,1.0,0.0,0.0,0.0,0,0.0,0.0,0.0,0.0,0.0,0.0,8,35,2,8
United Kingdom,2015-08-25,1.0,0.0,0.0,0.0,0,0.0,0.0,0.0,0.0,0.0,0.0,8,35,2,8
United Kingdom,2015-08-26,1.0,0.0,0.0,0.0,0,0.0,0.0,0.0,0.0,0.0,0.0,8,35,2,8
United Kingdom,2015-08-27,1.0,0.0,0.0,0.0,0,0.0,0.0,0.0,0.0,0.0,0.0,8,35,2,8
United Kingdom,2015-08-28,1.0,0.0,0.0,0.0,0,0.0,0.0,0.0,0.0,0.0,0.0,8,35,2,8
United Kingdom,2015-08-31,1.0,0.0,0.0,0.0,0,0.0,0.0,0.0,0.0,0.0,0.0,8,36,2,8
United Kingdom,2015-09-01,1.0,0.0,0.0,0.0,0,0.0,0.0,0.0,0.0,0.0,0.0,9,36,3,8
United Kingdom,2015-09-02,1.0,0.0,0.0,0.0,0,0.0,0.0,0.0,0.0,0.0,0.0,9,36,3,8
United Kingdom,2015-09-03,1.0,0.0,0.0,0.0,0,0.0,0.0,0.0,0.0,0.0,0.0,9,36,3,8
United Kingdom,2015-09-04,1.0,0.0,0.0,0.0,0,0.0,0.0,0.0,0.0,0.0,0.0,9,36,3,8
United Kingdom,2015-09-07,1.0,0.0,0.0,0.0,0,0.0,0.0,0.0,0.0,0.0,0.0,9,37,3,8
United Kingdom,2015-09-08,1.0,0.0,0.0,0.0,0,0.0,0.0,0.0,0.0,0.0,0.0,9,37,3,8
United Kingdom,2015-09-09,1.0,0.0,0.0,0.0,0,0.0,0.0,0.0,0.0,0.0,0.0,9,37,3,8
United Kingdom,2015-09-10,1.0,0.0,0.0,0.0,0,0.0,0.0,0.0,0.0,0.0,0.0,9,37,3,8
United Kingdom,2015-09-11,1.0,0.0,0.0,0.0,0,0.0,0.0,0.0,0.0,0.0,0.0,9,37,3,8
United Kingdom,2015-09-14,1.0,0.0,0.0,0.0,0,0.0,0.0,0.0,0.0,0.0,0.0,9,38,3,8
United Kingdom,2015-09-15,1.0,0.0,0.0,0.0,0,0.0,0.0,0.0,0.0,0.0,0.0,9,38,3,8
United Kingdom,2015-09-16,1.0,0.0,0.0,0.0,0,0.0,0.0,0.0,0.0,0.0,0.0,9,38,3,8
United Kingdom,2015-09-17,1.0,0.0,0.0,0.0,0,0.0,0.0,0.0,0.0,0.0,0.0,9,38,3,8
United Kingdom,2015-09-18,1.0,0.0,0.0,0.0,0,0.0,0.0,0.0,0.0,0.0,0.0,9,38,3,8
United Kingdom,2015-09-21,1.0,0.0,0.0,0.0,0,0.0,0.0,0.0,0.0,0.0,0.0,9,39,3,8
United Kingdom,2015-09-22,1.0,0.0,0.0,0.0,0,0.0,0.0,0.0,0.0,0.0,0.0,9,39,3,8
United Kingdom,2015-09-23,1.0,0.0,0.0,0.0,0,0.0,0.0,0.0,0.0,0.0,0.0,9,39,3,8
United Kingdom,2015-09-24,1.0,0.0,0.0,0.0,0,0.0,0.0,0.0,0.0,0.0,0.0,9,39,3,8
United Kingdom,2015-09-25,1.0,0.0,0.0,0.0,0,0.0,0.0,0.0,0.0,0.0,0.0,9,39,3,8
United Kingdom,2015-09-28,1.0,0.0,0.0,0.0,0,0.0,0.0,0.0,0.0,0.0,0.0,9,40,3,8
United Kingdom,2015-09-29,1.0,0.0,0.0,0.0,0,0.0,0.0,0.0,0.0,0.0,0.0,9,40,3,8
United Kingdom,2015-09-30,1.0,0.0,0.0,0.0,0,0.0,0.0,0.0,0.0,0.0,0.0,9,40,3,8
United Kingdom,2015-10-01,1.0,0.0,0.0,0.0,0,0.0,0.0,0.0,0.0,0.0,0.0,10,40,3,8
United Kingdom,2015-10-02,1.0,0.0,0.0,0.0,0,0.0,0.0,0.0,0.0,0.0,0.0,10,40,3,8
United Kingdom,2015-10-05,1.0,0.0,0.0,0.0,0,0.0,0.0,0.0,0.0,0.0,0.0,10,41,3,8
United Kingdom,2015-10-06,1.0,0.0,0.0,0.0,0,0.0,0.0,0.0,0.0,0.0,0.0,10,41,3,8
United Kingdom,2015-10-07,1.0,0.0,0.0,0.0,0,0.0,0.0,0.0,0.0,0.0,0.0,10,41,3,8
United Kingdom,2015-10-08,1.0,0.0,0.0,0.0,0,0.0,0.0,0.0,0.0,0.0,0.0,10,41,3,8
United Kingdom,2015-10-09,1.0,0.0,0.0,0.0,0,0.0,0.0,0.0,0.0,0.0,0.0,10,41,3,8
United Kingdom,2015-10-13,1.0,0.0,0.0,0.0,0,0.0,0.0,0.0,0.0,0.0,0.0,10,42,3,8
United Kingdom,2015-10-15,1.0,0.0,0.0,0.0,0,0.0,0.0,0.0,0.0,0.0,0.0,10,42,3,8
United Kingdom,2015-10-16,1.0,0.0,0.0,0.0,0,0.0,0.0,0.0,0.0,0.0,0.0,10,42,3,8
United Kingdom,2015-10-20,1.0,0.0,0.0,0.0,0,0.0,0.0,0.0,0.0,0.0,0.0,10,43,3,8
United Kingdom,2015-10-22,1.0,0.0,0.0,0.0,0,0.0,0.0,0.0,0.0,0.0,0.0,10,43,3,8
United Kingdom,2015-10-23,1.0,0.0,0.0,0.0,0,0.0,0.0,0.0,0.0,0.0,0.0,10,43,3,8
United Kingdom,2015-10-26,1.0,0.0,0.0,0.0,0,0.0,0.0,0.0,0.0,0.0,0.0,10,44,3,8
United Kingdom,2015-10-27,1.0,0.0,0.0,0.0,0,0.0,0.0,0.0,0.0,0.0,0.0,10,44,3,8
United Kingdom,2015-10-29,1.0,0.0,0.0,0.0,0,0.0,0.0,0.0,0.0,0.0,0.0,10,44,3,8
United Kingdom,2015-10-30,1.0,0.0,0.0,0.0,0,0.0,0.0,0.0,0.0,0.0,0.0,10,44,3,8
United Kingdom,2015-11-03,1.0,0.0,0.0,0.0,0,0.0,0.0,0.0,0.0,0.0,0.0,11,45,3,8
United Kingdom,2015-11-05,1.0,0.0,0.0,0.0,0,0.0,0.0,0.0,0.0,0.0,0.0,11,45,3,8
United Kingdom,2015-11-06,1.0,0.0,0.0,0.0,0,0.0,0.0,0.0,0.0,0.0,0.0,11,45,3,8
United Kingdom,2015-11-10,1.0,0.0,0.0,0.0,0,0.0,0.0,0.0,0.0,0.0,0.0,11,46,3,8
United Kingdom,2015-11-11,1.0,0.0,0.0,0.0,0,0.0,0.0,0.0,0.0,0.0,0.0,11,46,3,8
United Kingdom,2015-11-12,1.0,0.0,0.0,0.0,0,0.0,0.0,0.0,0.0,0.0,0.0,11,46,3,8
United Kingdom,2015-11-16,1.0,0.0,0.0,0.0,0,0.0,0.0,0.0,0.0,0.0,0.0,11,47,3,8
United Kingdom,2015-11-17,1.0,0.0,0.0,0.0,0,0.0,0.0,0.0,0.0,0.0,0.0,11,47,3,8
United Kingdom,2015-11-20,1.0,0.0,0.0,0.0,0,0.0,0.0,0.0,0.0,0.0,0.0,11,47,3,8
United Kingdom,2015-11-24,1.0,0.0,0.0,0.0,0,0.0,0.0,0.0,0.0,0.0,0.0,11,48,3,8
United Kingdom,2015-11-26,1.0,0.0,0.0,0.0,0,0.0,0.0,0.0,0.0,0.0,0.0,11,48,3,8
United Kingdom,2015-12-01,1.0,0.0,0.0,0.0,0,0.0,0.0,0.0,0.0,0.0,0.0,12,49,0,8
United Kingdom,2015-12-02,1.0,0.0,0.0,0.0,0,0.0,0.0,0.0,0.0,0.0,0.0,12,49,0,8
United Kingdom,2015-12-03,1.0,0.0,0.0,0.0,0,0.0,0.0,0.0,0.0,0.0,0.0,12,49,0,8
United Kingdom,2015-12-09,1.0,0.0,0.0,0.0,0,0.0,0.0,0.0,0.0,0.0,0.0,12,50,0,8
United Kingdom,2015-12-10,1.0,0.0,0.0,0.0,0,0.0,0.0,0.0,0.0,0.0,0.0,12,50,0,8
United Kingdom,2015-12-11,1.0,0.0,0.0,0.0,0,0.0,0.0,0.0,0.0,0.0,0.0,12,50,0,8
United Kingdom,2015-12-15,1.0,0.0,0.0,0.0,0,0.0,0.0,0.0,0.0,0.0,0.0,12,51,0,8
United Kingdom,2015-12-16,1.0,0.0,0.0,0.0,0,0.0,0.0,0.0,0.0,0.0,0.0,12,51,0,8
United Kingdom,2015-12-17,1.0,0.0,0.0,0.0,0,0.0,0.0,0.0,0.0,0.0,0.0,12,51,0,8
United Kingdom,2015-12-22,1.0,0.0,0.0,0.0,0,0.0,0.0,0.0,0.0,0.0,0.0,12,52,0,8
United Kingdom,2015-12-23,1.0,0.0,0.0,0.0,0,0.0,0.0,0.0,0.0,0.0,0.0,12,52,0,8
United Kingdom,2015-12-29,1.0,0.0,0.0,0.0,0,0.0,0.0,0.0,0.0,0.0,0.0,12,53,0,8
United Kingdom,2016-03-23,1.0,0.0,0.0,0.0,0,0.0,0.0,0.0,0.0,0.0,0.0,3,12,1,8
United States of America,2014-10-03,1.0,0.0,1.0,1.0,0,,,,1.0,0.0,0.0,10,40,3,9
United States of America,2014-10-08,1.0,0.0,0.0,0.5,0,1.0,,,1.0,0.7071067811865476,-1.0,10,41,3,9
United States of America,2014-10-10,1.0,0.0,0.0,0.3333333333333333,0,0.0,1.0,,1.0,0.5773502691896258,0.0,10,41,3,9
United States of America,2014-10-15,2.0,1.0,1.0,0.5,0,0.0,0.0,1.0,1.0,0.5773502691896257,10.0,10,42,3,9
United States of America,2014-10-17,3.0,1.0,1.0,0.5,0,1.0,0.0,0.0,1.0,0.5773502691896257,0.0,10,42,3,9
United States of America,2014-10-22,3.0,1.0,0.0,0.5,0,1.0,1.0,0.0,1.0,0.5773502691896257,-1.0,10,43,3,9
United States of America,2014-10-25,4.0,1.0,1.0,0.75,0,0.0,1.0,1.0,1.0,0.5,10.0,10,43,3,9
United States of America,2014-10-29,4.0,1.0,0.0,0.5,0,1.0,0.0,1.0,1.0,0.5773502691896257,-1.0,10,44,3,9
United States of America,2014-10-31,4.0,1.0,0.0,0.25,0,0.0,1.0,0.0,1.0,0.5,0.0,10,44,3,9
United States of America,2014-11-05,4.0,1.0,0.0,0.25,0,0.0,0.0,1.0,1.0,0.5,0.0,11,45,3,9
United States of America,2014-11-07,4.0,1.0,0.0,0.0,0,0.0,0.0,0.0,0.0,0.0,0.0,11,45,3,9
United States of America,2014-11-12,4.0,1.0,0.0,0.0,0,0.0,0.0,0.0,0.0,0.0,0.0,11,46,3,9
United States of America,2014-11-14,4.0,1.0,0.0,0.0,0,0.0,0.0,0.0,0.0,0.0,0.0,11,46,3,9
United States of America,2014-11-19,4.0,1.0,0.0,0.0,0,0.0,0.0,0.0,0.0,0.0,0.0,11,47,3,9
United States of America,2014-11-21,4.0,1.0,0.0,0.0,0,0.0,0.0,0.0,0.0,0.0,0.0,11,47,3,9
United States of America,2014-11-26,4.0,1.0,0.0,0.0,0,0.0,0.0,0.0,0.0,0.0,0.0,11,48,3,9
United States of America,2014-12-01,4.0,1.0,0.0,0.0,0,0.0,0.0,0.0,0.0,0.0,0.0,12,49,0,9
United States of America,2014-12-03,4.0,1.0,0.0,0.0,0,0.0,0.0,0.0,0.0,0.0,0.0,12,49,0,9
United States of America,2014-12-10,4.0,1.0,0.0,0.0,0,0.0,0.0,0.0,0.0,0.0,0.0,12,50,0,9
United States of America,2014-12-15,4.0,1.0,0.0,0.0,0,0.0,0.0,0.0,0.0,0.0,0.0,12,51,0,9
United States of America,2014-12-17,4.0,1.0,0.0,0.0,0,0.0,0.0,0.0,0.0,0.0,0.0,12,51,0,9
United States of America,2014-12-22,4.0,1.0,0.0,0.0,0,0.0,0.0,0.0,0.0,0.0,0.0,12,52,0,9
United States of America,2014-12-23,4.0,1.0,0.0,0.0,0,0.0,0.0,0.0,0.0,0.0,0.0,12,52,0,9
United States of America,2014-12-24,4.0,1.0,0.0,0.0,0,0.0,0.0,0.0,0.0,0.0,0.0,12,52,0,9
United States of America,2014-12-26,4.0,1.0,0.0,0.0,0,0.0,0.0,0.0,0.0,0.0,0.0,12,52,0,9
United States of America,2014-12-29,4.0,1.0,0.0,0.0,0,0.0,0.0,0.0,0.0,0.0,0.0,12,1,0,9
United States of America,2014-12-30,4.0,1.0,0.0,0.0,0,0.0,0.0,0.0,0.0,0.0,0.0,12,1,0,9
United States of America,2014-12-31,4.0,1.0,0.0,0.0,0,0.0,0.0,0.0,0.0,0.0,0.0,12,1,0,9
United States of America,2015-01-02,4.0,1.0,0.0,0.0,0,0.0,0.0,0.0,0.0,0.0,0.0,1,1,0,9
United States of America,2015-01-05,4.0,1.0,0.0,0.0,0,0.0,0.0,0.0,0.0,0.0,0.0,1,2,0,9
United States of America,2015-01-06,4.0,1.0,0.0,0.0,0,0.0,0.0,0.0,0.0,0.0,0.0,1,2,0,9
United States of America,2015-01-07,4.0,1.0,0.0,0.0,0,0.0,0.0,0.0,0.0,0.0,0.0,1,2,0,9
United States of America,2015-01-14,4.0,1.0,0.0,0.0,0,0.0,0.0,0.0,0.0,0.0,0.0,1,3,0,9
United States of America,2015-01-15,4.0,1.0,0.0,0.0,0,0.0,0.0,0.0,0.0,0.0,0.0,1,3,0,9
United States of America,2015-01-16,4.0,1.0,0.0,0.0,0,0.0,0.0,0.0,0.0,0.0,0.0,1,3,0,9
United States of America,2015-01-19,4.0,1.0,0.0,0.0,0,0.0,0.0,0.0,0.0,0.0,0.0,1,4,0,9
United States of America,2015-01-20,4.0,1.0,0.0,0.0,0,0.0,0.0,0.0,0.0,0.0,0.0,1,4,0,9
United States of America,2015-01-21,4.0,1.0,0.0,0.0,0,0.0,0.0,0.0,0.0,0.0,0.0,1,4,0,9
United States of America,2015-01-22,4.0,1.0,0.0,0.0,0,0.0,0.0,0.0,0.0,0.0,0.0,1,4,0,9
United States of America,2015-01-23,4.0,1.0,0.0,0.0,0,0.0,0.0,0.0,0.0,0.0,0.0,1,4,0,9
United States of America,2015-01-26,4.0,1.0,0.0,0.0,0,0.0,0.0,0.0,0.0,0.0,0.0,1,5,0,9
United States of America,2015-01-27,4.0,1.0,0.0,0.0,0,0.0,0.0,0.0,0.0,0.0,0.0,1,5,0,9
United States of America,2015-01-28,4.0,1.0,0.0,0.0,0,0.0,0.0,0.0,0.0,0.0,0.0,1,5,0,9
United States of America,2015-01-29,4.0,1.0,0.0,0.0,0,0.0,0.0,0.0,0.0,0.0,0.0,1,5,0,9
United States of America,2015-01-30,4.0,1.0,0.0,0.0,0,0.0,0.0,0.0,0.0,0.0,0.0,1,5,0,9
United States of America,2015-02-02,4.0,1.0,0.0,0.0,0,0.0,0.0,0.0,0.0,0.0,0.0,2,6,0,9
United States of America,2015-02-03,4.0,1.0,0.0,0.0,0,0.0,0.0,0.0,0.0,0.0,0.0,2,6,0,9
United States of America,2015-02-04,4.0,1.0,0.0,0.0,0,0.0,0.0,0.0,0.0,0.0,0.0,2,6,0,9
United States of America,2015-02-05,4.0,1.0,0.0,0.0,0,0.0,0.0,0.0,0.0,0.0,0.0,2,6,0,9
United States of America,2015-02-06,4.0,1.0,0.0,0.0,0,0.0,0.0,0.0,0.0,0.0,0.0,2,6,0,9
United States of America,2015-02-10,4.0,1.0,0.0,0.0,0,0.0,0.0,0.0,0.0,0.0,0.0,2,7,0,9
United States of America,2015-02-11,4.0,1.0,0.0,0.0,0,0.0,0.0,0.0,0.0,0.0,0.0,2,7,0,9
United States of America,2015-02-12,4.0,1.0,0.0,0.0,0,0.0,0.0,0.0,0.0,0.0,0.0,2,7,0,9
United States of America,2015-02-13,4.0,1.0,0.0,0.0,0,0.0,0.0,0.0,0.0,0.0,0.0,2,7,0,9
United States of America,2015-02-16,4.0,1.0,0.0,0.0,0,0.0,0.0,0.0,0.0,0.0,0.0,2,8,0,9
United States of America,2015-02-17,4.0,1.0,0.0,0.0,0,0.0,0.0,0.0,0.0,0.0,0.0,2,8,0,9
United States of America,2015-02-18,4.0,1.0,0.0,0.0,0,0.0,0.0,0.0,0.0,0.0,0.0,2,8,0,9
United States of America,2015-02-19,4.0,1.0,0.0,0.0,0,0.0,0.0,0.0,0.0,0.0,0.0,2,8,0,9
United States of America,2015-02-20,4.0,1.0,0.0,0.0,0,0.0,0.0,0.0,0.0,0.0,0.0,2,8,0,9
United States of America,2015-02-23,4.0,1.0,0.0,0.0,0,0.0,0.0,0.0,0.0,0.0,0.0,2,9,0,9
United States of America,2015-02-25,4.0,1.0,0.0,0.0,0,0.0,0.0,0.0,0.0,0.0,0.0,2,9,0,9
United States of America,2015-02-26,4.0,1.0,0.0,0.0,0,0.0,0.0,0.0,0.0,0.0,0.0,2,9,0,9
United States of America,2015-02-27,4.0,1.0,0.0,0.0,0,0.0,0.0,0.0,0.0,0.0,0.0,2,9,0,9
United States of America,2015-03-02,4.0,1.0,0.0,0.0,0,0.0,0.0,0.0,0.0,0.0,0.0,3,10,1,9
United States of America,2015-03-04,4.0,1.0,0.0,0.0,0,0.0,0.0,0.0,0.0,0.0,0.0,3,10,1,9
United States of America,2015-03-05,4.0,1.0,0.0,0.0,0,0.0,0.0,0.0,0.0,0.0,0.0,3,10,1,9
United States of America,2015-03-06,4.0,1.0,0.0,0.0,0,0.0,0.0,0.0,0.0,0.0,0.0,3,10,1,9
United States of America,2015-03-10,4.0,1.0,0.0,0.0,0,0.0,0.0,0.0,0.0,0.0,0.0,3,11,1,9
United States of America,2015-03-11,4.0,1.0,0.0,0.0,0,0.0,0.0,0.0,0.0,0.0,0.0,3,11,1,9
United States of America,2015-03-12,4.0,1.0,0.0,0.0,0,0.0,0.0,0.0,0.0,0.0,0.0,3,11,1,9
United States of America,2015-03-13,4.0,1.0,0.0,0.0,0,0.0,0.0,0.0,0.0,0.0,0.0,3,11,1,9
United States of America,2015-03-16,4.0,1.0,0.0,0.0,0,0.0,0.0,0.0,0.0,0.0,0.0,3,12,1,9
United States of America,2015-03-17,4.0,1.0,0.0,0.0,0,0.0,0.0,0.0,0.0,0.0,0.0,3,12,1,9
United States of America,2015-03-18,4.0,1.0,0.0,0.0,0,0.0,0.0,0.0,0.0,0.0,0.0,3,12,1,9
United States of America,2015-03-20,4.0,1.0,0.0,0.0,0,0.0,0.0,0.0,0.0,0.0,0.0,3,12,1,9
United States of America,2015-03-23,4.0,1.0,0.0,0.0,0,0.0,0.0,0.0,0.0,0.0,0.0,3,13,1,9
United States of America,2015-03-24,4.0,1.0,0.0,0.0,0,0.0,0.0,0.0,0.0,0.0,0.0,3,13,1,9
United States of America,2015-03-25,4.0,1.0,0.0,0.0,0,0.0,0.0,0.0,0.0,0.0,0.0,3,13,1,9
United States of America,2015-03-26,4.0,1.0,0.0,0.0,0,0.0,0.0,0.0,0.0,0.0,0.0,3,13,1,9
United States of America,2015-03-27,4.0,1.0,0.0,0.0,0,0.0,0.0,0.0,0.0,0.0,0.0,3,13,1,9
United States of America,2015-04-07,4.0,1.0,0.0,0.0,0,0.0,0.0,0.0,0.0,0.0,0.0,4,15,1,9
United States of America,2015-04-09,4.0,1.0,0.0,0.0,0,0.0,0.0,0.0,0.0,0.0,0.0,4,15,1,9
United States of America,2015-04-13,4.0,1.0,0.0,0.0,0,0.0,0.0,0.0,0.0,0.0,0.0,4,16,1,9
United States of America,2015-04-14,4.0,1.0,0.0,0.0,0,0.0,0.0,0.0,0.0,0.0,0.0,4,16,1,9
United States of America,2015-04-15,4.0,1.0,0.0,0.0,0,0.0,0.0,0.0,0.0,0.0,0.0,4,16,1,9
United States of America,2015-04-16,4.0,1.0,0.0,0.0,0,0.0,0.0,0.0,0.0,0.0,0.0,4,16,1,9
United States of America,2015-04-17,4.0,1.0,0.0,0.0,0,0.0,0.0,0.0,0.0,0.0,0.0,4,16,1,9
United States of America,2015-04-20,4.0,1.0,0.0,0.0,0,0.0,0.0,0.0,0.0,0.0,0.0,4,17,1,9
United States of America,2015-04-21,4.0,1.0,0.0,0.0,0,0.0,0.0,0.0,0.0,0.0,0.0,4,17,1,9
United States of America,2015-04-22,4.0,1.0,0.0,0.0,0,0.0,0.0,0.0,0.0,0.0,0.0,4,17,1,9
United States of America,2015-04-23,4.0,1.0,0.0,0.0,0,0.0,0.0,0.0,0.0,0.0,0.0,4,17,1,9
United States of America,2015-04-24,4.0,1.0,0.0,0.0,0,0.0,0.0,0.0,0.0,0.0,0.0,4,17,1,9
United States of America,2015-04-27,4.0,1.0,0.0,0.0,0,0.0,0.0,0.0,0.0,0.0,0.0,4,18,1,9
United States of America,2015-04-28,4.0,1.0,0.0,0.0,0,0.0,0.0,0.0,0.0,0.0,0.0,4,18,1,9
United States of America,2015-04-30,4.0,1.0,0.0,0.0,0,0.0,0.0,0.0,0.0,0.0,0.0,4,18,1,9
United States of America,2015-05-01,4.0,1.0,0.0,0.0,0,0.0,0.0,0.0,0.0,0.0,0.0,5,18,1,9
United States of America,2015-05-04,4.0,1.0,0.0,0.0,0,0.0,0.0,0.0,0.0,0.0,0.0,5,19,1,9
United States of America,2015-05-05,4.0,1.0,0.0,0.0,0,0.0,0.0,0.0,0.0,0.0,0.0,5,19,1,9
United States of America,2015-05-06,4.0,1.0,0.0,0.0,0,0.0,0.0,0.0,0.0,0.0,0.0,5,19,1,9
United States of America,2015-05-07,4.0,1.0,0.0,0.0,0,0.0,0.0,0.0,0.0,0.0,0.0,5,19,1,9
United States of America,2015-05-08,4.0,1.0,0.0,0.0,0,0.0,0.0,0.0,0.0,0.0,0.0,5,19,1,9
United States of America,2015-05-11,4.0,1.0,0.0,0.0,0,0.0,0.0,0.0,0.0,0.0,0.0,5,20,1,9
United States of America,2015-05-12,4.0,1.0,0.0,0.0,0,0.0,0.0,0.0,0.0,0.0,0.0,5,20,1,9
United States of America,2015-05-13,4.0,1.0,0.0,0.0,0,0.0,0.0,0.0,0.0,0.0,0.0,5,20,1,9
United States of America,2015-05-14,4.0,1.0,0.0,0.0,0,0.0,0.0,0.0,0.0,0.0,0.0,5,20,1,9
United States of America,2015-05-15,4.0,1.0,0.0,0.0,0,0.0,0.0,0.0,0.0,0.0,0.0,5,20,1,9
United States of America,2015-05-18,4.0,1.0,0.0,0.0,0,0.0,0.0,0.0,0.0,0.0,0.0,5,21,1,9
United States of America,2015-05-19,4.0,1.0,0.0,0.0,0,0.0,0.0,0.0,0.0,0.0,0.0,5,21,1,9
United States of America,2015-05-20,4.0,1.0,0.0,0.0,0,0.0,0.0,0.0,0.0,0.0,0.0,5,21,1,9
United States of America,2015-05-21,4.0,1.0,0.0,0.0,0,0.0,0.0,0.0,0.0,0.0,0.0,5,21,1,9
United States of America,2015-05-22,4.0,1.0,0.0,0.0,0,0.0,0.0,0.0,0.0,0.0,0.0,5,21,1,9
United States of America,2015-05-25,4.0,1.0,0.0,0.0,0,0.0,0.0,0.0,0.0,0.0,0.0,5,22,1,9
United States of America,2015-05-26,4.0,1.0,0.0,0.0,0,0.0,0.0,0.0,0.0,0.0,0.0,5,22,1,9
United States of America,2015-05-27,4.0,1.0,0.0,0.0,0,0.0,0.0,0.0,0.0,0.0,0.0,5,22,1,9
United States of America,2015-05-28,4.0,1.0,0.0,0.0,0,0.0,0.0,0.0,0.0,0.0,0.0,5,22,1,9
United States of America,2015-05-29,4.0,1.0,0.0,0.0,0,0.0,0.0,0.0,0.0,0.0,0.0,5,22,1,9
United States of America,2015-06-01,4.0,1.0,0.0,0.0,0,0.0,0.0,0.0,0.0,0.0,0.0,6,23,2,9
United States of America,2015-06-02,4.0,1.0,0.0,0.0,0,0.0,0.0,0.0,0.0,0.0,0.0,6,23,2,9
United States of America,2015-06-03,4.0,1.0,0.0,0.0,0,0.0,0.0,0.0,0.0,0.0,0.0,6,23,2,9
United States of America,2015-06-04,4.0,1.0,0.0,0.0,0,0.0,0.0,0.0,0.0,0.0,0.0,6,23,2,9
United States of America,2015-06-05,4.0,1.0,0.0,0.0,0,0.0,0.0,0.0,0.0,0.0,0.0,6,23,2,9
United States of America,2015-06-08,4.0,1.0,0.0,0.0,0,0.0,0.0,0.0,0.0,0.0,0.0,6,24,2,9
United States of America,2015-06-09,4.0,1.0,0.0,0.0,0,0.0,0.0,0.0,0.0,0.0,0.0,6,24,2,9
United States of America,2015-06-10,4.0,1.0,0.0,0.0,0,0.0,0.0,0.0,0.0,0.0,0.0,6,24,2,9
United States of America,2015-06-11,4.0,1.0,0.0,0.0,0,0.0,0.0,0.0,0.0,0.0,0.0,6,24,2,9
United States of America,2015-06-12,4.0,1.0,0.0,0.0,0,0.0,0.0,0.0,0.0,0.0,0.0,6,24,2,9
United States of America,2015-06-15,4.0,1.0,0.0,0.0,0,0.0,0.0,0.0,0.0,0.0,0.0,6,25,2,9
United States of America,2015-06-16,4.0,1.0,0.0,0.0,0,0.0,0.0,0.0,0.0,0.0,0.0,6,25,2,9
United States of America,2015-06-17,4.0,1.0,0.0,0.0,0,0.0,0.0,0.0,0.0,0.0,0.0,6,25,2,9
United States of America,2015-06-18,4.0,1.0,0.0,0.0,0,0.0,0.0,0.0,0.0,0.0,0.0,6,25,2,9
United States of America,2015-06-19,4.0,1.0,0.0,0.0,0,0.0,0.0,0.0,0.0,0.0,0.0,6,25,2,9
United States of America,2015-06-22,4.0,1.0,0.0,0.0,0,0.0,0.0,0.0,0.0,0.0,0.0,6,26,2,9
United States of America,2015-06-23,4.0,1.0,0.0,0.0,0,0.0,0.0,0.0,0.0,0.0,0.0,6,26,2,9
United States of America,2015-06-24,4.0,1.0,0.0,0.0,0,0.0,0.0,0.0,0.0,0.0,0.0,6,26,2,9
United States of America,2015-06-25,4.0,1.0,0.0,0.0,0,0.0,0.0,0.0,0.0,0.0,0.0,6,26,2,9
United States of America,2015-06-26,4.0,1.0,0.0,0.0,0,0.0,0.0,0.0,0.0,0.0,0.0,6,26,2,9
United States of America,2015-06-29,4.0,1.0,0.0,0.0,0,0.0,0.0,0.0,0.0,0.0,0.0,6,27,2,9
United States of America,2015-06-30,4.0,1.0,0.0,0.0,0,0.0,0.0,0.0,0.0,0.0,0.0,6,27,2,9
United States of America,2015-07-01,4.0,1.0,0.0,0.0,0,0.0,0.0,0.0,0.0,0.0,0.0,7,27,2,9
United States of America,2015-07-02,4.0,1.0,0.0,0.0,0,0.0,0.0,0.0,0.0,0.0,0.0,7,27,2,9
United States of America,2015-07-03,4.0,1.0,0.0,0.0,0,0.0,0.0,0.0,0.0,0.0,0.0,7,27,2,9
United States of America,2015-07-06,4.0,1.0,0.0,0.0,0,0.0,0.0,0.0,0.0,0.0,0.0,7,28,2,9
United States of America,2015-07-07,4.0,1.0,0.0,0.0,0,0.0,0.0,0.0,0.0,0.0,0.0,7,28,2,9
United States of America,2015-07-08,4.0,1.0,0.0,0.0,0,0.0,0.0,0.0,0.0,0.0,0.0,7,28,2,9
United States of America,2015-07-09,4.0,1.0,0.0,0.0,0,0.0,0.0,0.0,0.0,0.0,0.0,7,28,2,9
United States of America,2015-07-10,4.0,1.0,0.0,0.0,0,0.0,0.0,0.0,0.0,0.0,0.0,7,28,2,9
United States of America,2015-07-13,4.0,1.0,0.0,0.0,0,0.0,0.0,0.0,0.0,0.0,0.0,7,29,2,9
United States of America,2015-07-14,4.0,1.0,0.0,0.0,0,0.0,0.0,0.0,0.0,0.0,0.0,7,29,2,9
United States of America,2015-07-15,4.0,1.0,0.0,0.0,0,0.0,0.0,0.0,0.0,0.0,0.0,7,29,2,9
United States of America,2015-07-16,4.0,1.0,0.0,0.0,0,0.0,0.0,0.0,0.0,0.0,0.0,7,29,2,9
United States of America,2015-07-17,4.0,1.0,0.0,0.0,0,0.0,0.0,0.0,0.0,0.0,0.0,7,29,2,9
United States of America,2015-07-20,4.0,1.0,0.0,0.0,0,0.0,0.0,0.0,0.0,0.0,0.0,7,30,2,9
United States of America,2015-07-21,4.0,1.0,0.0,0.0,0,0.0,0.0,0.0,0.0,0.0,0.0,7,30,2,9
United States of America,2015-07-22,4.0,1.0,0.0,0.0,0,0.0,0.0,0.0,0.0,0.0,0.0,7,30,2,9
United States of America,2015-07-23,4.0,1.0,0.0,0.0,0,0.0,0.0,0.0,0.0,0.0,0.0,7,30,2,9
United States of America,2015-07-24,4.0,1.0,0.0,0.0,0,0.0,0.0,0.0,0.0,0.0,0.0,7,30,2,9
United States of America,2015-07-27,4.0,1.0,0.0,0.0,0,0.0,0.0,0.0,0.0,0.0,0.0,7,31,2,9
United States of America,2015-07-28,4.0,1.0,0.0,0.0,0,0.0,0.0,0.0,0.0,0.0,0.0,7,31,2,9
United States of America,2015-07-29,4.0,1.0,0.0,0.0,0,0.0,0.0,0.0,0.0,0.0,0.0,7,31,2,9
United States of America,2015-07-30,4.0,1.0,0.0,0.0,0,0.0,0.0,0.0,0.0,0.0,0.0,7,31,2,9
United States of America,2015-07-31,4.0,1.0,0.0,0.0,0,0.0,0.0,0.0,0.0,0.0,0.0,7,31,2,9
United States of America,2015-08-03,4.0,1.0,0.0,0.0,0,0.0,0.0,0.0,0.0,0.0,0.0,8,32,2,9
United States of America,2015-08-04,4.0,1.0,0.0,0.0,0,0.0,0.0,0.0,0.0,0.0,0.0,8,32,2,9
United States of America,2015-08-05,4.0,1.0,0.0,0.0,0,0.0,0.0,0.0,0.0,0.0,0.0,8,32,2,9
United States of America,2015-08-06,4.0,1.0,0.0,0.0,0,0.0,0.0,0.0,0.0,0.0,0.0,8,32,2,9
United States of America,2015-08-07,4.0,1.0,0.0,0.0,0,0.0,0.0,0.0,0.0,0.0,0.0,8,32,2,9
United States of America,2015-08-10,4.0,1.0,0.0,0.0,0,0.0,0.0,0.0,0.0,0.0,0.0,8,33,2,9
United States of America,2015-08-11,4.0,1.0,0.0,0.0,0,0.0,0.0,0.0,0.0,0.0,0.0,8,33,2,9
United States of America,2015-08-12,4.0,1.0,0.0,0.0,0,0.0,0.0,0.0,0.0,0.0,0.0,8,33,2,9
United States of America,2015-08-13,4.0,1.0,0.0,0.0,0,0.0,0.0,0.0,0.0,0.0,0.0,8,33,2,9
United States of America,2015-08-14,4.0,1.0,0.0,0.0,0,0.0,0.0,0.0,0.0,0.0,0.0,8,33,2,9
United States of America,2015-08-17,4.0,1.0,0.0,0.0,0,0.0,0.0,0.0,0.0,0.0,0.0,8,34,2,9
United States of America,2015-08-18,4.0,1.0,0.0,0.0,0,0.0,0.0,0.0,0.0,0.0,0.0,8,34,2,9
United States of America,2015-08-19,4.0,1.0,0.0,0.0,0,0.0,0.0,0.0,0.0,0.0,0.0,8,34,2,9
United States of America,2015-08-20,4.0,1.0,0.0,0.0,0,0.0,0.0,0.0,0.0,0.0,0.0,8,34,2,9
United States of America,2015-08-21,4.0,1.0,0.0,0.0,0,0.0,0.0,0.0,0.0,0.0,0.0,8,34,2,9
United States of America,2015-08-24,4.0,1.0,0.0,0.0,0,0.0,0.0,0.0,0.0,0.0,0.0,8,35,2,9
United States of America,2015-08-25,4.0,1.0,0.0,0.0,0,0.0,0.0,0.0,0.0,0.0,0.0,8,35,2,9
United States of America,2015-08-26,4.0,1.0,0.0,0.0,0,0.0,0.0,0.0,0.0,0.0,0.0,8,35,2,9
United States of America,2015-08-27,4.0,1.0,0.0,0.0,0,0.0,0.0,0.0,0.0,0.0,0.0,8,35,2,9
United States of America,2015-08-28,4.0,1.0,0.0,0.0,0,0.0,0.0,0.0,0.0,0.0,0.0,8,35,2,9
United States of America,2015-08-31,4.0,1.0,0.0,0.0,0,0.0,0.0,0.0,0.0,0.0,0.0,8,36,2,9
United States of America,2015-09-01,4.0,1.0,0.0,0.0,0,0.0,0.0,0.0,0.0,0.0,0.0,9,36,3,9
United States of America,2015-09-02,4.0,1.0,0.0,0.0,0,0.0,0.0,0.0,0.0,0.0,0.0,9,36,3,9
United States of America,2015-09-03,4.0,1.0,0.0,0.0,0,0.0,0.0,0.0,0.0,0.0,0.0,9,36,3,9
United States of America,2015-09-04,4.0,1.0,0.0,0.0,0,0.0,0.0,0.0,0.0,0.0,0.0,9,36,3,9
United States of America,2015-09-07,4.0,1.0,0.0,0.0,0,0.0,0.0,0.0,0.0,0.0,0.0,9,37,3,9
United States of America,2015-09-08,4.0,1.0,0.0,0.0,0,0.0,0.0,0.0,0.0,0.0,0.0,9,37,3,9
United States of America,2015-09-09,4.0,1.0,0.0,0.0,0,0.0,0.0,0.0,0.0,0.0,0.0,9,37,3,9
United States of America,2015-09-10,4.0,1.0,0.0,0.0,0,0.0,0.0,0.0,0.0,0.0,0.0,9,37,3,9
United States of America,2015-09-11,4.0,1.0,0.0,0.0,0,0.0,0.0,0.0,0.0,0.0,0.0,9,37,3,9
United States of America,2015-09-14,4.0,1.0,0.0,0.0,0,0.0,0.0,0.0,0.0,0.0,0.0,9,38,3,9
United States of America,2015-09-15,4.0,1.0,0.0,0.0,0,0.0,0.0,0.0,0.0,0.0,0.0,9,38,3,9
United States of America,2015-09-16,4.0,1.0,0.0,0.0,0,0.0,0.0,0.0,0.0,0.0,0.0,9,38,3,9
United States of America,2015-09-17,4.0,1.0,0.0,0.0,0,0.0,0.0,0.0,0.0,0.0,0.0,9,38,3,9
United States of America,2015-09-18,4.0,1.0,0.0,0.0,0,0.0,0.0,0.0,0.0,0.0,0.0,9,38,3,9
United States of America,2015-09-21,4.0,1.0,0.0,0.0,0,0.0,0.0,0.0,0.0,0.0,0.0,9,39,3,9
United States of America,2015-09-22,4.0,1.0,0.0,0.0,0,0.0,0.0,0.0,0.0,0.0,0.0,9,39,3,9
United States of America,2015-09-23,4.0,1.0,0.0,0.0,0,0.0,0.0,0.0,0.0,0.0,0.0,9,39,3,9
United States of America,2015-09-24,4.0,1.0,0.0,0.0,0,0.0,0.0,0.0,0.0,0.0,0.0,9,39,3,9
United States of America,2015-09-25,4.0,1.0,0.0,0.0,0,0.0,0.0,0.0,0.0,0.0,0.0,9,39,3,9
United States of America,2015-09-28,4.0,1.0,0.0,0.0,0,0.0,0.0,0.0,0.0,0.0,0.0,9,40,3,9
United States of America,2015-09-29,4.0,1.0,0.0,0.0,0,0.0,0.0,0.0,0.0,0.0,0.0,9,40,3,9
United States of America,2015-09-30,4.0,1.0,0.0,0.0,0,0.0,0.0,0.0,0.0,0.0,0.0,9,40,3,9
United States of America,2015-10-01,4.0,1.0,0.0,0.0,0,0.0,0.0,0.0,0.0,0.0,0.0,10,40,3,9
United States of America,2015-10-02,4.0,1.0,0.0,0.0,0,0.0,0.0,0.0,0.0,0.0,0.0,10,40,3,9
United States of America,2015-10-05,4.0,1.0,0.0,0.0,0,0.0,0.0,0.0,0.0,0.0,0.0,10,41,3,9
United States of America,2015-10-06,4.0,1.0,0.0,0.0,0,0.0,0.0,0.0,0.0,0.0,0.0,10,41,3,9
United States of America,2015-10-07,4.0,1.0,0.0,0.0,0,0.0,0.0,0.0,0.0,0.0,0.0,10,41,3,9
United States of America,2015-10-08,4.0,1.0,0.0,0.0,0,0.0,0.0,0.0,0.0,0.0,0.0,10,41,3,9
United States of America,2015-10-09,4.0,1.0,0.0,0.0,0,0.0,0.0,0.0,0.0,0.0,0.0,10,41,3,9
United States of America,2015-10-13,4.0,1.0,0.0,0.0,0,0.0,0.0,0.0,0.0,0.0,0.0,10,42,3,9
United States of America,2015-10-15,4.0,1.0,0.0,0.0,0,0.0,0.0,0.0,0.0,0.0,0.0,10,42,3,9
United States of America,2015-10-16,4.0,1.0,0.0,0.0,0,0.0,0.0,0.0,0.0,0.0,0.0,10,42,3,9
United States of America,2015-10-20,4.0,1.0,0.0,0.0,0,0.0,0.0,0.0,0.0,0.0,0.0,10,43,3,9
United States of America,2015-10-22,4.0,1.0,0.0,0.0,0,0.0,0.0,0.0,0.0,0.0,0.0,10,43,3,9
United States of America,2015-10-23,4.0,1.0,0.0,0.0,0,0.0,0.0,0.0,0.0,0.0,0.0,10,43,3,9
United States of America,2015-10-26,4.0,1.0,0.0,0.0,0,0.0,0.0,0.0,0.0,0.0,0.0,10,44,3,9
United States of America,2015-10-27,4.0,1.0,0.0,0.0,0,0.0,0.0,0.0,0.0,0.0,0.0,10,44,3,9
United States of America,2015-10-29,4.0,1.0,0.0,0.0,0,0.0,0.0,0.0,0.0,0.0,0.0,10,44,3,9
United States of America,2015-10-30,4.0,1.0,0.0,0.0,0,0.0,0.0,0.0,0.0,0.0,0.0,10,44,3,9
United States of America,2015-11-03,4.0,1.0,0.0,0.0,0,0.0,0.0,0.0,0.0,0.0,0.0,11,45,3,9
United States of America,2015-11-05,4.0,1.0,0.0,0.0,0,0.0,0.0,0.0,0.0,0.0,0.0,11,45,3,9
United States of America,2015-11-06,4.0,1.0,0.0,0.0,0,0.0,0.0,0.0,0.0,0.0,0.0,11,45,3,9
United States of America,2015-11-10,4.0,1.0,0.0,0.0,0,0.0,0.0,0.0,0.0,0.0,0.0,11,46,3,9
United States of America,2015-11-11,4.0,1.0,0.0,0.0,0,0.0,0.0,0.0,0.0,0.0,0.0,11,46,3,9
United States of America,2015-11-12,4.0,1.0,0.0,0.0,0,0.0,0.0,0.0,0.0,0.0,0.0,11,46,3,9
United States of America,2015-11-16,4.0,1.0,0.0,0.0,0,0.0,0.0,0.0,0.0,0.0,0.0,11,47,3,9
United States of America,2015-11-17,4.0,1.0,0.0,0.0,0,0.0,0.0,0.0,0.0,0.0,0.0,11,47,3,9
United States of America,2015-11-20,4.0,1.0,0.0,0.0,0,0.0,0.0,0.0,0.0,0.0,0.0,11,47,3,9
United States of America,2015-11-24,4.0,1.0,0.0,0.0,0,0.0,0.0,0.0,0.0,0.0,0.0,11,48,3,9
United States of America,2015-11-26,4.0,1.0,0.0,0.0,0,0.0,0.0,0.0,0.0,0.0,0.0,11,48,3,9
United States of America,2015-12-01,4.0,1.0,0.0,0.0,0,0.0,0.0,0.0,0.0,0.0,0.0,12,49,0,9
United States of America,2015-12-02,4.0,1.0,0.0,0.0,0,0.0,0.0,0.0,0.0,0.0,0.0,12,49,0,9
United States of America,2015-12-03,4.0,1.0,0.0,0.0,0,0.0,0.0,0.0,0.0,0.0,0.0,12,49,0,9
United States of America,2015-12-09,4.0,1.0,0.0,0.0,0,0.0,0.0,0.0,0.0,0.0,0.0,12,50,0,9
United States of America,2015-12-10,4.0,1.0,0.0,0.0,0,0.0,0.0,0.0,0.0,0.0,0.0,12,50,0,9
United States of America,2015-12-11,4.0,1.0,0.0,0.0,0,0.0,0.0,0.0,0.0,0.0,0.0,12,50,0,9
United States of America,2015-12-15,4.0,1.0,0.0,0.0,0,0.0,0.0,0.0,0.0,0.0,0.0,12,51,0,9
United States of America,2015-12-16,4.0,1.0,0.0,0.0,0,0.0,0.0,0.0,0.0,0.0,0.0,12,51,0,9
United States of America,2015-12-17,4.0,1.0,0.0,0.0,0,0.0,0.0,0.0,0.0,0.0,0.0,12,51,0,9
United States of America,2015-12-22,4.0,1.0,0.0,0.0,0,0.0,0.0,0.0,0.0,0.0,0.0,12,52,0,9
United States of America,2015-12-23,4.0,1.0,0.0,0.0,0,0.0,0.0,0.0,0.0,0.0,0.0,12,52,0,9
United States of America,2015-12-29,4.0,1.0,0.0,0.0,0,0.0,0.0,0.0,0.0,0.0,0.0,12,53,0,9
United States of America,2016-03-23,4.0,1.0,0.0,0.0,0,0.0,0.0,0.0,0.0,0.0,0.0,3,12,1,9
